REG,DATE,ARRS,DEPS,HEAVY,MED,LIGHT,ARRS_DOM,DEPS_DOM,OVR_FLTS
BRA,2019-01-01,1598,1657,211,2789,255,1408,1463,NA
BRA,2019-01-02,2149,2180,225,3658,446,1937,1959,NA
BRA,2019-01-03,2196,2219,225,3788,402,1978,1998,NA
BRA,2019-01-04,2189,2191,231,3748,401,1970,1976,NA
BRA,2019-01-05,1878,1883,229,3299,233,1648,1642,NA
BRA,2019-01-06,1806,1826,217,3180,235,1571,1607,NA
BRA,2019-01-07,2051,2048,234,3550,315,1833,1831,NA
BRA,2019-01-08,2152,2159,234,3726,351,1945,1944,NA
BRA,2019-01-09,2177,2195,235,3818,319,1968,1979,NA
BRA,2019-01-10,2202,2176,220,3778,380,1984,1964,NA
BRA,2019-01-11,2178,2223,227,3756,418,1970,2004,NA
BRA,2019-01-12,1844,1833,224,3263,190,1618,1597,NA
BRA,2019-01-13,1817,1815,219,3176,237,1585,1605,NA
BRA,2019-01-14,2105,2112,228,3736,253,1886,1892,NA
BRA,2019-01-15,2182,2189,239,3806,326,1965,1974,NA
BRA,2019-01-16,2148,2147,237,3729,329,1931,1930,NA
BRA,2019-01-17,2191,2205,233,3828,335,1984,1997,NA
BRA,2019-01-18,2229,2227,231,3812,413,2015,2001,NA
BRA,2019-01-19,1830,1817,230,3229,188,1604,1587,NA
BRA,2019-01-20,1827,1814,213,3187,241,1601,1597,NA
BRA,2019-01-21,2140,2152,222,3732,338,1928,1940,NA
BRA,2019-01-22,2210,2196,248,3747,411,1997,1982,NA
BRA,2019-01-23,2163,2206,242,3719,408,1949,1994,NA
BRA,2019-01-24,2188,2195,232,3748,403,1967,1981,NA
BRA,2019-01-25,2148,2139,239,3689,359,1935,1925,NA
BRA,2019-01-26,1854,1860,236,3257,221,1628,1620,NA
BRA,2019-01-27,1853,1828,218,3216,247,1616,1616,NA
BRA,2019-01-28,2151,2154,221,3736,348,1930,1938,NA
BRA,2019-01-29,2185,2200,251,3755,379,1975,1991,NA
BRA,2019-01-30,2218,2209,236,3754,437,1999,1991,NA
BRA,2019-01-31,2218,2223,235,3778,428,2002,2010,NA
BRA,2019-02-01,2196,2197,229,3739,425,1987,1977,NA
BRA,2019-02-02,1778,1790,229,3118,221,1548,1556,NA
BRA,2019-02-03,1767,1747,212,3074,228,1543,1535,NA
BRA,2019-02-04,2107,2109,225,3671,320,1898,1899,NA
BRA,2019-02-05,2149,2152,236,3697,368,1939,1950,NA
BRA,2019-02-06,2108,2121,247,3610,372,1902,1909,NA
BRA,2019-02-07,2184,2184,229,3709,430,1975,1981,NA
BRA,2019-02-08,2184,2207,232,3740,419,1975,1993,NA
BRA,2019-02-09,1764,1751,228,3051,236,1549,1530,NA
BRA,2019-02-10,1678,1671,202,2926,221,1464,1472,NA
BRA,2019-02-11,2127,2119,229,3682,335,1914,1913,NA
BRA,2019-02-12,2121,2146,231,3671,365,1923,1941,NA
BRA,2019-02-13,2147,2131,224,3705,349,1945,1928,NA
BRA,2019-02-14,2224,2249,225,3775,473,2018,2037,NA
BRA,2019-02-15,2153,2181,226,3706,402,1952,1981,NA
BRA,2019-02-16,1763,1736,223,3073,203,1549,1518,NA
BRA,2019-02-17,1548,1559,204,2703,200,1345,1368,NA
BRA,2019-02-18,2096,2099,213,3644,338,1894,1903,NA
BRA,2019-02-19,2155,2118,228,3626,419,1962,1918,NA
BRA,2019-02-20,2093,2123,231,3565,420,1896,1928,NA
BRA,2019-02-21,2212,2226,225,3772,441,2000,2018,NA
BRA,2019-02-22,2130,2168,224,3652,422,1931,1960,NA
BRA,2019-02-23,1845,1785,222,3159,249,1635,1564,NA
BRA,2019-02-24,1618,1647,206,2824,235,1407,1454,NA
BRA,2019-02-25,2041,2063,212,3574,318,1844,1865,NA
BRA,2019-02-26,2090,2091,230,3596,355,1888,1890,NA
BRA,2019-02-27,2163,2158,224,3687,410,1969,1956,NA
BRA,2019-02-28,2225,2228,235,3778,440,2010,2005,NA
BRA,2019-03-01,2312,2344,232,3873,551,2101,2117,NA
BRA,2019-03-02,2002,1956,216,3318,424,1787,1715,NA
BRA,2019-03-03,1272,1263,220,2095,220,1053,1069,NA
BRA,2019-03-04,1317,1348,203,2267,195,1126,1148,NA
BRA,2019-03-05,1505,1542,218,2632,197,1311,1344,NA
BRA,2019-03-06,2093,2109,212,3631,359,1896,1916,NA
BRA,2019-03-07,2078,2058,213,3533,390,1867,1857,NA
BRA,2019-03-08,1969,1969,216,3330,392,1768,1763,NA
BRA,2019-03-09,1741,1721,210,3040,212,1523,1505,NA
BRA,2019-03-10,1707,1766,209,3011,253,1475,1565,NA
BRA,2019-03-11,2113,2094,214,3670,323,1911,1899,NA
BRA,2019-03-12,2095,2100,226,3650,319,1895,1910,NA
BRA,2019-03-13,2121,2120,215,3642,384,1932,1935,NA
BRA,2019-03-14,2135,2140,215,3641,419,1948,1948,NA
BRA,2019-03-15,2193,2236,213,3764,452,2002,2037,NA
BRA,2019-03-16,1796,1756,200,3106,246,1603,1543,NA
BRA,2019-03-17,1611,1632,194,2844,205,1409,1450,NA
BRA,2019-03-18,2062,2062,199,3620,305,1870,1872,NA
BRA,2019-03-19,2056,2052,214,3556,338,1877,1876,NA
BRA,2019-03-20,2133,2111,208,3630,406,1949,1929,NA
BRA,2019-03-21,2112,2150,204,3640,418,1929,1955,NA
BRA,2019-03-22,2113,2153,205,3687,374,1927,1961,NA
BRA,2019-03-23,1793,1755,203,3089,256,1599,1548,NA
BRA,2019-03-24,1636,1657,191,2870,232,1437,1475,NA
BRA,2019-03-25,2067,2069,193,3657,286,1878,1881,NA
BRA,2019-03-26,2091,2098,206,3600,383,1903,1911,NA
BRA,2019-03-27,2091,2091,200,3578,404,1909,1916,NA
BRA,2019-03-28,2105,2115,207,3643,370,1920,1927,NA
BRA,2019-03-29,2171,2214,212,3746,427,1984,2023,NA
BRA,2019-03-30,1791,1750,200,3142,199,1601,1541,NA
BRA,2019-03-31,1598,1619,187,2805,225,1403,1435,NA
BRA,2019-04-01,2072,2064,193,3612,331,1870,1879,NA
BRA,2019-04-02,2021,1988,195,3446,368,1848,1822,NA
BRA,2019-04-03,2051,2054,203,3514,388,1875,1886,NA
BRA,2019-04-04,2101,2117,212,3595,411,1929,1939,NA
BRA,2019-04-05,2114,2124,191,3622,425,1950,1956,NA
BRA,2019-04-06,1715,1673,198,3011,179,1544,1483,NA
BRA,2019-04-07,1517,1558,181,2713,181,1340,1393,NA
BRA,2019-04-08,2033,2013,200,3556,290,1850,1839,NA
BRA,2019-04-09,1943,1957,195,3327,378,1775,1782,NA
BRA,2019-04-10,2096,2111,192,3576,439,1928,1938,NA
BRA,2019-04-11,2104,2128,204,3578,450,1922,1950,NA
BRA,2019-04-12,2169,2145,194,3660,460,1995,1969,NA
BRA,2019-04-13,1728,1721,193,3000,256,1549,1518,NA
BRA,2019-04-14,1557,1583,178,2717,245,1361,1406,NA
BRA,2019-04-15,1993,1994,182,3464,341,1819,1826,NA
BRA,2019-04-16,1993,1968,197,3412,352,1819,1798,NA
BRA,2019-04-17,2111,2139,198,3521,531,1945,1968,NA
BRA,2019-04-18,2164,2204,204,3616,548,1982,2018,NA
BRA,2019-04-19,1725,1705,194,2946,290,1556,1530,NA
BRA,2019-04-20,1094,1109,179,1843,181,924,916,NA
BRA,2019-04-21,1626,1619,191,2689,365,1414,1434,NA
BRA,2019-04-22,2157,2155,197,3695,420,1964,1977,NA
BRA,2019-04-23,2012,2004,192,3448,376,1841,1830,NA
BRA,2019-04-24,1922,1962,190,3314,380,1763,1795,NA
BRA,2019-04-25,1973,1982,203,3292,460,1800,1816,NA
BRA,2019-04-26,2053,2050,191,3450,462,1880,1877,NA
BRA,2019-04-27,1629,1618,198,2771,278,1455,1425,NA
BRA,2019-04-28,1406,1426,184,2418,230,1222,1259,NA
BRA,2019-04-29,1905,1928,205,3215,413,1735,1753,NA
BRA,2019-04-30,1928,1928,193,3244,419,1781,1783,NA
BRA,2019-05-01,1535,1530,197,2566,302,1366,1347,NA
BRA,2019-05-02,1779,1799,195,3005,378,1612,1631,NA
BRA,2019-05-03,1986,1979,198,3294,473,1810,1809,NA
BRA,2019-05-04,1543,1531,193,2649,232,1378,1343,NA
BRA,2019-05-05,1515,1559,187,2647,240,1329,1389,NA
BRA,2019-05-06,1938,1937,186,3340,349,1754,1772,NA
BRA,2019-05-07,1878,1902,197,3246,337,1716,1731,NA
BRA,2019-05-08,1938,1926,193,3284,387,1766,1755,NA
BRA,2019-05-09,1956,1994,200,3316,434,1789,1823,NA
BRA,2019-05-10,2018,2013,215,3469,347,1841,1840,NA
BRA,2019-05-11,1547,1532,193,2696,190,1383,1349,NA
BRA,2019-05-12,1433,1457,183,2499,208,1255,1292,NA
BRA,2019-05-13,1888,1879,194,3322,251,1712,1704,NA
BRA,2019-05-14,1880,1874,202,3204,348,1715,1702,NA
BRA,2019-05-15,1860,1903,194,3190,379,1701,1746,NA
BRA,2019-05-16,1969,1988,198,3296,463,1805,1817,NA
BRA,2019-05-17,2000,1993,209,3360,424,1820,1822,NA
BRA,2019-05-18,1545,1522,199,2647,221,1382,1344,NA
BRA,2019-05-19,1438,1478,193,2500,223,1254,1310,NA
BRA,2019-05-20,1861,1861,192,3201,329,1691,1699,NA
BRA,2019-05-21,1913,1916,195,3291,343,1755,1745,NA
BRA,2019-05-22,1920,1912,210,3232,390,1751,1746,NA
BRA,2019-05-23,1936,1964,197,3327,376,1772,1789,NA
BRA,2019-05-24,2022,2021,203,3406,434,1843,1843,NA
BRA,2019-05-25,1587,1548,201,2694,240,1416,1367,NA
BRA,2019-05-26,1448,1486,186,2508,240,1276,1323,NA
BRA,2019-05-27,1917,1918,193,3272,370,1745,1747,NA
BRA,2019-05-28,1874,1893,195,3240,332,1709,1723,NA
BRA,2019-05-29,1937,1910,197,3194,456,1795,1781,NA
BRA,2019-05-30,1940,1961,201,3282,418,1775,1782,NA
BRA,2019-05-31,2018,2033,204,3380,467,1842,1861,NA
BRA,2019-06-01,1577,1570,205,2721,221,1403,1388,NA
BRA,2019-06-02,1449,1476,192,2543,190,1267,1302,NA
BRA,2019-06-03,1910,1889,188,3271,340,1734,1714,NA
BRA,2019-06-04,1919,1929,188,3283,377,1757,1767,NA
BRA,2019-06-05,1981,1966,205,3311,431,1815,1801,NA
BRA,2019-06-06,1987,2019,203,3366,437,1827,1850,NA
BRA,2019-06-07,2041,2039,204,3400,476,1863,1866,NA
BRA,2019-06-08,1586,1560,184,2719,243,1423,1385,NA
BRA,2019-06-09,1485,1530,189,2578,248,1306,1359,NA
BRA,2019-06-10,1948,1943,189,3314,388,1776,1770,NA
BRA,2019-06-11,1882,1878,179,3172,409,1724,1728,NA
BRA,2019-06-12,1932,1951,193,3271,419,1767,1795,NA
BRA,2019-06-13,1981,2012,196,3323,474,1819,1836,NA
BRA,2019-06-14,2117,2112,204,3483,542,1938,1940,NA
BRA,2019-06-15,1656,1608,200,2806,258,1481,1424,NA
BRA,2019-06-16,1478,1528,190,2595,221,1302,1354,NA
BRA,2019-06-17,1968,1950,187,3370,361,1794,1781,NA
BRA,2019-06-18,2003,2021,196,3387,441,1835,1850,NA
BRA,2019-06-19,2072,2123,198,3478,519,1900,1941,NA
BRA,2019-06-20,1910,1891,200,3198,403,1734,1703,NA
BRA,2019-06-21,1354,1337,209,2199,283,1176,1165,NA
BRA,2019-06-22,1193,1198,192,2003,196,1023,1013,NA
BRA,2019-06-23,1617,1657,201,2724,349,1397,1463,NA
BRA,2019-06-24,2046,2008,185,3490,379,1862,1830,NA
BRA,2019-06-25,1977,1999,196,3401,379,1795,1818,NA
BRA,2019-06-26,1946,1950,206,3335,355,1770,1775,NA
BRA,2019-06-27,2048,2046,198,3428,468,1881,1874,NA
BRA,2019-06-28,2079,2102,210,3478,493,1892,1919,NA
BRA,2019-06-29,1671,1630,209,2820,272,1495,1427,NA
BRA,2019-06-30,1503,1564,192,2622,253,1314,1377,NA
BRA,2019-07-01,1992,1988,190,3420,370,1819,1811,NA
BRA,2019-07-02,2035,2025,201,3502,357,1839,1844,NA
BRA,2019-07-03,2070,2072,194,3552,396,1893,1887,NA
BRA,2019-07-04,2080,2072,209,3530,413,1897,1891,NA
BRA,2019-07-05,2076,2126,220,3562,420,1902,1938,NA
BRA,2019-07-06,1781,1755,203,3051,282,1593,1553,NA
BRA,2019-07-07,1581,1625,201,2812,193,1386,1440,NA
BRA,2019-07-08,2034,2020,201,3522,331,1845,1836,NA
BRA,2019-07-09,2033,2016,204,3456,389,1850,1838,NA
BRA,2019-07-10,2075,2056,202,3538,391,1899,1873,NA
BRA,2019-07-11,2061,2080,207,3545,389,1879,1898,NA
BRA,2019-07-12,2116,2124,207,3584,449,1930,1944,NA
BRA,2019-07-13,1774,1750,207,3076,241,1593,1545,NA
BRA,2019-07-14,1637,1657,197,2875,222,1441,1476,NA
BRA,2019-07-15,2045,2043,193,3563,332,1859,1864,NA
BRA,2019-07-16,2066,2090,203,3579,374,1888,1906,NA
BRA,2019-07-17,2118,2120,203,3624,411,1934,1937,NA
BRA,2019-07-18,2148,2153,208,3675,418,1961,1970,NA
BRA,2019-07-19,2143,2174,212,3670,435,1964,1988,NA
BRA,2019-07-20,1770,1730,195,3068,237,1586,1537,NA
BRA,2019-07-21,1648,1679,197,2884,246,1468,1495,NA
BRA,2019-07-22,2036,2029,203,3535,327,1838,1841,NA
BRA,2019-07-23,2090,2069,203,3612,344,1908,1891,NA
BRA,2019-07-24,2087,2088,199,3622,354,1902,1898,NA
BRA,2019-07-25,2123,2157,206,3698,376,1935,1971,NA
BRA,2019-07-26,2161,2161,215,3643,464,1967,1973,NA
BRA,2019-07-27,1782,1757,205,3107,227,1596,1554,NA
BRA,2019-07-28,1673,1685,205,2930,223,1463,1504,NA
BRA,2019-07-29,2047,2038,191,3552,342,1862,1854,NA
BRA,2019-07-30,2108,2104,207,3610,395,1914,1915,NA
BRA,2019-07-31,2094,2124,202,3620,396,1912,1932,NA
BRA,2019-08-01,2079,2076,202,3504,449,1889,1894,NA
BRA,2019-08-02,2076,2071,214,3551,382,1882,1889,NA
BRA,2019-08-03,1676,1643,207,2925,187,1497,1447,NA
BRA,2019-08-04,1598,1626,199,2811,214,1402,1442,NA
BRA,2019-08-05,2001,1995,185,3459,352,1829,1820,NA
BRA,2019-08-06,2103,2082,208,3493,484,1924,1910,NA
BRA,2019-08-07,2032,2046,203,3466,409,1859,1874,NA
BRA,2019-08-08,2103,2101,204,3551,449,1927,1924,NA
BRA,2019-08-09,2140,2154,213,3553,528,1961,1972,NA
BRA,2019-08-10,1763,1690,204,2961,288,1583,1497,NA
BRA,2019-08-11,1607,1649,195,2818,243,1418,1469,NA
BRA,2019-08-12,2013,2000,185,3488,340,1835,1826,NA
BRA,2019-08-13,2058,2066,203,3520,401,1888,1892,NA
BRA,2019-08-14,2097,2089,197,3511,478,1924,1921,NA
BRA,2019-08-15,2139,2148,207,3558,522,1962,1971,NA
BRA,2019-08-16,2145,2214,207,3597,555,1976,2042,NA
BRA,2019-08-17,1736,1707,212,2976,255,1558,1518,NA
BRA,2019-08-18,1605,1641,194,2811,241,1422,1469,NA
BRA,2019-08-19,2028,2008,193,3499,344,1846,1835,NA
BRA,2019-08-20,2040,2028,193,3515,360,1870,1858,NA
BRA,2019-08-21,2072,2105,194,3556,427,1898,1931,NA
BRA,2019-08-22,2091,2120,200,3480,531,1921,1933,NA
BRA,2019-08-23,2127,2148,209,3558,508,1953,1974,NA
BRA,2019-08-24,1753,1697,200,2963,287,1574,1510,NA
BRA,2019-08-25,1622,1664,195,2822,269,1435,1496,NA
BRA,2019-08-26,2019,2008,191,3458,378,1842,1837,NA
BRA,2019-08-27,2062,2054,201,3472,443,1898,1882,NA
BRA,2019-08-28,2076,2084,188,3513,459,1900,1911,NA
BRA,2019-08-29,2104,2135,203,3582,454,1925,1951,NA
BRA,2019-08-30,2118,2117,207,3540,488,1943,1944,NA
BRA,2019-08-31,1691,1654,195,2923,227,1516,1464,NA
BRA,2019-09-01,1591,1623,196,2792,226,1407,1455,NA
BRA,2019-09-02,2061,2053,197,3590,327,1888,1883,NA
BRA,2019-09-03,2032,2049,190,3529,362,1871,1886,NA
BRA,2019-09-04,2085,2074,189,3595,375,1921,1914,NA
BRA,2019-09-05,2071,2106,199,3561,417,1908,1929,NA
BRA,2019-09-06,2139,2122,205,3641,415,1967,1954,NA
BRA,2019-09-07,1778,1741,195,3051,273,1607,1556,NA
BRA,2019-09-08,1619,1674,196,2866,231,1431,1495,NA
BRA,2019-09-09,2054,2040,184,3554,356,1876,1874,NA
BRA,2019-09-10,2086,2076,202,3609,351,1912,1901,NA
BRA,2019-09-11,2093,2084,200,3597,380,1924,1915,NA
BRA,2019-09-12,2097,2117,198,3598,418,1930,1946,NA
BRA,2019-09-13,2153,2186,206,3652,481,1979,2007,NA
BRA,2019-09-14,1718,1676,198,2986,210,1537,1485,NA
BRA,2019-09-15,1630,1659,198,2849,242,1439,1479,NA
BRA,2019-09-16,2039,2046,178,3583,324,1866,1879,NA
BRA,2019-09-17,2038,2041,215,3486,378,1874,1870,NA
BRA,2019-09-18,2138,2134,202,3605,465,1970,1961,NA
BRA,2019-09-19,2131,2145,201,3643,432,1962,1976,NA
BRA,2019-09-20,2164,2182,205,3688,453,1986,2002,NA
BRA,2019-09-21,1774,1725,201,3070,228,1600,1538,NA
BRA,2019-09-22,1628,1658,207,2859,220,1441,1483,NA
BRA,2019-09-23,2097,2086,180,3634,369,1924,1921,NA
BRA,2019-09-24,2093,2086,200,3594,385,1927,1924,NA
BRA,2019-09-25,2106,2092,206,3609,383,1939,1926,NA
BRA,2019-09-26,2109,2145,202,3609,443,1943,1985,NA
BRA,2019-09-27,2217,2222,210,3766,463,2051,2046,NA
BRA,2019-09-28,1845,1807,201,3197,254,1674,1623,NA
BRA,2019-09-29,1705,1740,216,2945,284,1522,1566,NA
BRA,2019-09-30,2120,2121,192,3678,371,1955,1957,NA
BRA,2019-10-01,2123,2120,204,3643,396,1948,1956,NA
BRA,2019-10-02,2145,2148,194,3717,382,1979,1985,NA
BRA,2019-10-03,2180,2191,202,3747,422,2023,2023,NA
BRA,2019-10-04,2191,2211,205,3786,411,2024,2042,NA
BRA,2019-10-05,1820,1781,204,3179,218,1652,1595,NA
BRA,2019-10-06,1658,1705,191,2922,250,1489,1539,NA
BRA,2019-10-07,2093,2084,192,3686,299,1929,1920,NA
BRA,2019-10-08,2070,2074,197,3565,382,1908,1920,NA
BRA,2019-10-09,2040,2045,203,3481,401,1883,1879,NA
BRA,2019-10-10,2119,2138,191,3612,454,1960,1966,NA
BRA,2019-10-11,2156,2176,206,3643,483,1993,2008,NA
BRA,2019-10-12,1764,1744,198,3064,246,1609,1564,NA
BRA,2019-10-13,1611,1633,196,2790,258,1422,1458,NA
BRA,2019-10-14,2027,2026,193,3556,304,1856,1862,NA
BRA,2019-10-15,2075,2052,207,3512,408,1911,1887,NA
BRA,2019-10-16,2079,2098,205,3598,374,1909,1931,NA
BRA,2019-10-17,2113,2123,202,3606,428,1953,1960,NA
BRA,2019-10-18,2131,2142,204,3640,429,1960,1979,NA
BRA,2019-10-19,1797,1761,207,3117,234,1623,1580,NA
BRA,2019-10-20,1604,1660,190,2817,257,1431,1494,NA
BRA,2019-10-21,2070,2029,199,3541,359,1900,1861,NA
BRA,2019-10-22,2076,2084,216,3523,421,1910,1923,NA
BRA,2019-10-23,2134,2128,204,3598,460,1969,1965,NA
BRA,2019-10-24,2156,2174,197,3602,531,1992,2005,NA
BRA,2019-10-25,2128,2155,200,3588,495,1952,1987,NA
BRA,2019-10-26,1783,1729,195,3085,232,1619,1551,NA
BRA,2019-10-27,1621,1667,188,2877,223,1451,1502,NA
BRA,2019-10-28,2029,2019,188,3519,341,1861,1858,NA
BRA,2019-10-29,2057,2058,208,3521,386,1892,1894,NA
BRA,2019-10-30,2137,2137,189,3663,422,1974,1969,NA
BRA,2019-10-31,2121,2142,200,3641,422,1955,1971,NA
BRA,2019-11-01,2162,2190,206,3647,499,2000,2023,NA
BRA,2019-11-02,1727,1672,195,2992,212,1561,1502,NA
BRA,2019-11-03,1649,1689,190,2880,268,1473,1520,NA
BRA,2019-11-04,2048,2033,194,3542,345,1883,1870,NA
BRA,2019-11-05,2026,2045,209,3493,369,1861,1882,NA
BRA,2019-11-06,2228,2221,215,3730,504,2062,2059,NA
BRA,2019-11-07,2157,2169,200,3668,458,1987,1994,NA
BRA,2019-11-08,2168,2189,194,3715,448,2004,2024,NA
BRA,2019-11-09,1842,1780,206,3180,236,1677,1599,NA
BRA,2019-11-10,1722,1751,197,2976,300,1540,1585,NA
BRA,2019-11-11,2036,2065,180,3503,418,1871,1906,NA
BRA,2019-11-12,2161,2141,217,3670,415,1987,1984,NA
BRA,2019-11-13,2161,2169,208,3677,445,1988,1998,NA
BRA,2019-11-14,2209,2290,210,3739,550,2040,2088,NA
BRA,2019-11-15,2107,2076,217,3591,375,1936,1891,NA
BRA,2019-11-16,1493,1470,194,2536,233,1331,1295,NA
BRA,2019-11-17,1780,1844,194,2958,472,1583,1673,NA
BRA,2019-11-18,2038,2031,191,3422,456,1861,1857,NA
BRA,2019-11-19,2013,2010,218,3295,510,1839,1837,NA
BRA,2019-11-20,2057,2087,190,3504,450,1900,1923,NA
BRA,2019-11-21,2191,2196,197,3592,598,2017,2017,NA
BRA,2019-11-22,2140,2164,200,3565,539,1960,1977,NA
BRA,2019-11-23,1873,1831,201,3241,262,1693,1647,NA
BRA,2019-11-24,1766,1814,190,3057,333,1567,1632,NA
BRA,2019-11-25,2161,2152,207,3722,384,1977,1974,NA
BRA,2019-11-26,2162,2149,210,3645,456,1988,1980,NA
BRA,2019-11-27,2048,2045,188,3549,356,1894,1891,NA
BRA,2019-11-28,2245,2225,206,3763,501,2084,2065,NA
BRA,2019-11-29,2298,2330,187,3844,597,2134,2169,NA
BRA,2019-11-30,1887,1865,197,3279,276,1726,1686,NA
BRA,2019-12-01,1720,1755,203,3033,239,1537,1584,NA
BRA,2019-12-02,2204,2199,195,3782,426,2028,2019,NA
BRA,2019-12-03,2226,2228,213,3764,477,2043,2054,NA
BRA,2019-12-04,2203,2218,193,3755,473,2034,2047,NA
BRA,2019-12-05,2200,2207,210,3696,501,2016,2019,NA
BRA,2019-12-06,2293,2316,201,3921,487,2125,2143,NA
BRA,2019-12-07,1950,1908,210,3350,298,1766,1714,NA
BRA,2019-12-08,1738,1776,202,3066,246,1552,1598,NA
BRA,2019-12-09,2203,2187,202,3767,421,2017,1997,NA
BRA,2019-12-10,2185,2179,216,3718,430,2000,2011,NA
BRA,2019-12-11,2205,2223,194,3728,506,2040,2050,NA
BRA,2019-12-12,2310,2343,221,3886,546,2120,2145,NA
BRA,2019-12-13,2271,2288,210,3849,500,2088,2106,NA
BRA,2019-12-14,1975,1914,212,3381,296,1785,1714,NA
BRA,2019-12-15,1798,1855,209,3163,281,1602,1666,NA
BRA,2019-12-16,2234,2225,197,3849,413,2040,2037,NA
BRA,2019-12-17,2227,2230,226,3774,457,2030,2034,NA
BRA,2019-12-18,2268,2292,210,3848,502,2084,2111,NA
BRA,2019-12-19,2378,2350,218,3933,577,2183,2157,NA
BRA,2019-12-20,2346,2378,205,3945,574,2157,2195,NA
BRA,2019-12-21,2034,1998,217,3500,315,1832,1782,NA
BRA,2019-12-22,1812,1838,207,3188,255,1607,1645,NA
BRA,2019-12-23,2155,2121,207,3706,363,1960,1929,NA
BRA,2019-12-24,1978,1926,215,3463,226,1787,1740,NA
BRA,2019-12-25,1507,1576,170,2745,168,1348,1414,NA
BRA,2019-12-26,2219,2224,212,3689,542,2021,2023,NA
BRA,2019-12-27,2252,2272,196,3779,549,2062,2078,NA
BRA,2019-12-28,1997,2013,201,3422,387,1799,1800,NA
BRA,2019-12-29,1738,1755,188,3081,224,1539,1572,NA
BRA,2019-12-30,2054,2048,198,3542,362,1866,1852,NA
BRA,2019-12-31,1897,1842,205,3315,219,1706,1652,NA
BRA,2020-01-01,1504,1569,172,2722,179,1337,1399,NA
BRA,2020-01-02,2097,2110,192,3622,393,1899,1911,NA
BRA,2020-01-03,2258,2242,195,3907,398,2054,2033,NA
BRA,2020-01-04,1939,1930,216,3387,266,1723,1706,NA
BRA,2020-01-05,1874,1897,198,3265,308,1660,1690,NA
BRA,2020-01-06,2172,2196,218,3821,329,1962,1990,NA
BRA,2020-01-07,2182,2196,223,3859,296,1985,1998,NA
BRA,2020-01-08,2162,2175,198,3817,322,1971,1991,NA
BRA,2020-01-09,2251,2248,221,3927,351,2045,2034,NA
BRA,2020-01-10,2262,2289,206,3969,376,2057,2082,NA
BRA,2020-01-11,1926,1879,219,3388,198,1716,1658,NA
BRA,2020-01-12,1817,1853,191,3199,280,1604,1652,NA
BRA,2020-01-13,2166,2151,204,3773,340,1964,1955,NA
BRA,2020-01-14,2238,2234,232,3882,358,2034,2032,NA
BRA,2020-01-15,2188,2215,207,3836,360,1996,2027,NA
BRA,2020-01-16,2227,2209,227,3842,367,2019,2006,NA
BRA,2020-01-17,2244,2247,209,3895,387,2045,2045,NA
BRA,2020-01-18,1949,1934,222,3404,257,1737,1709,NA
BRA,2020-01-19,1798,1818,193,3194,229,1584,1619,NA
BRA,2020-01-20,2195,2185,216,3777,387,1991,1982,NA
BRA,2020-01-21,2233,2224,219,3884,354,2030,2028,NA
BRA,2020-01-22,2135,2158,196,3795,302,1954,1970,NA
BRA,2020-01-23,2226,2210,220,3860,356,2028,2002,NA
BRA,2020-01-24,2198,2222,210,3881,329,1998,2015,NA
BRA,2020-01-25,1920,1881,214,3358,229,1707,1667,NA
BRA,2020-01-26,1786,1805,193,3196,202,1579,1612,NA
BRA,2020-01-27,2215,2208,203,3833,387,2011,2012,NA
BRA,2020-01-28,2238,2221,225,3850,384,2032,2019,NA
BRA,2020-01-29,2248,2261,201,3858,450,2059,2072,NA
BRA,2020-01-30,2260,2264,215,3894,415,2053,2049,NA
BRA,2020-01-31,2245,2288,214,3910,409,2049,2086,NA
BRA,2020-02-01,1876,1825,212,3283,206,1672,1612,NA
BRA,2020-02-02,1722,1776,188,3096,214,1520,1577,NA
BRA,2020-02-03,2201,2155,206,3775,375,1994,1963,NA
BRA,2020-02-04,2184,2166,226,3830,294,1987,1974,NA
BRA,2020-02-05,2126,2128,193,3686,375,1944,1945,NA
BRA,2020-02-06,2256,2259,224,3874,417,2062,2061,NA
BRA,2020-02-07,2250,2288,210,3906,422,2059,2088,NA
BRA,2020-02-08,1876,1815,205,3268,218,1673,1604,NA
BRA,2020-02-09,1770,1816,192,3162,232,1570,1627,NA
BRA,2020-02-10,2032,2030,197,3525,340,1844,1847,NA
BRA,2020-02-11,2145,2160,225,3718,362,1951,1974,NA
BRA,2020-02-12,2214,2211,209,3813,403,2034,2032,NA
BRA,2020-02-13,2274,2278,216,3818,518,2083,2076,NA
BRA,2020-02-14,2268,2290,207,3870,481,2075,2094,NA
BRA,2020-02-15,1861,1826,208,3231,248,1666,1615,NA
BRA,2020-02-16,1777,1815,197,3131,264,1575,1625,NA
BRA,2020-02-17,2188,2170,191,3789,378,2000,1986,NA
BRA,2020-02-18,2181,2179,220,3722,418,1993,1998,NA
BRA,2020-02-19,2213,2214,200,3800,427,2026,2025,NA
BRA,2020-02-20,2309,2307,231,3906,479,2104,2093,NA
BRA,2020-02-21,2356,2404,218,3962,580,2153,2179,NA
BRA,2020-02-22,1955,1926,220,3277,384,1746,1693,NA
BRA,2020-02-23,1326,1317,193,2233,217,1131,1127,NA
BRA,2020-02-24,1464,1472,209,2438,289,1273,1282,NA
BRA,2020-02-25,1636,1681,207,2811,299,1444,1495,NA
BRA,2020-02-26,2128,2165,184,3677,432,1944,1983,NA
BRA,2020-02-27,2141,2090,225,3645,361,1940,1890,NA
BRA,2020-02-28,2049,2072,205,3490,426,1852,1866,NA
BRA,2020-02-29,1772,1714,224,3045,217,1554,1498,NA
BRA,2020-03-01,1766,1846,204,3146,262,1531,1637,NA
BRA,2020-03-02,2169,2133,205,3747,350,1956,1931,NA
BRA,2020-03-03,2153,2151,212,3705,387,1961,1964,NA
BRA,2020-03-04,2150,2135,188,3642,455,1977,1964,NA
BRA,2020-03-05,2184,2207,204,3709,478,1993,2013,NA
BRA,2020-03-06,2200,2211,210,3763,438,2014,2025,NA
BRA,2020-03-07,1818,1788,214,3145,247,1633,1589,NA
BRA,2020-03-08,1734,1782,187,3081,248,1544,1605,NA
BRA,2020-03-09,2150,2118,204,3649,415,1957,1926,NA
BRA,2020-03-10,2165,2157,213,3628,481,1982,1973,NA
BRA,2020-03-11,2134,2166,182,3647,471,1965,2000,NA
BRA,2020-03-12,2188,2202,220,3672,498,2000,2008,NA
BRA,2020-03-13,2181,2206,196,3715,476,2000,2022,NA
BRA,2020-03-14,1795,1759,203,3120,231,1615,1570,NA
BRA,2020-03-15,1639,1674,191,2910,212,1451,1495,NA
BRA,2020-03-16,1929,1893,197,3306,319,1744,1720,NA
BRA,2020-03-17,1745,1764,195,2984,330,1583,1600,NA
BRA,2020-03-18,1463,1474,168,2495,274,1318,1327,NA
BRA,2020-03-19,1456,1451,168,2491,248,1312,1305,NA
BRA,2020-03-20,1426,1422,157,2455,236,1292,1289,NA
BRA,2020-03-21,1206,1169,164,2087,124,1081,1044,NA
BRA,2020-03-22,807,797,142,1382,80,708,700,NA
BRA,2020-03-23,781,768,127,1259,163,704,695,NA
BRA,2020-03-24,540,526,124,817,125,483,472,NA
BRA,2020-03-25,438,449,96,643,148,389,400,NA
BRA,2020-03-26,428,413,104,582,155,383,365,NA
BRA,2020-03-27,401,424,92,576,157,369,381,NA
BRA,2020-03-28,280,260,94,364,82,237,218,NA
BRA,2020-03-29,170,186,58,246,52,146,158,NA
BRA,2020-03-30,306,290,78,406,112,268,257,NA
BRA,2020-03-31,317,313,79,394,157,292,285,NA
BRA,2020-04-01,284,285,66,342,161,255,258,NA
BRA,2020-04-02,298,297,67,363,165,270,271,NA
BRA,2020-04-03,303,312,57,391,167,281,295,NA
BRA,2020-04-04,199,192,54,222,115,184,174,NA
BRA,2020-04-05,161,161,47,200,75,143,143,NA
BRA,2020-04-06,273,283,55,347,154,256,266,NA
BRA,2020-04-07,285,286,68,338,165,262,267,NA
BRA,2020-04-08,312,297,60,343,206,290,276,NA
BRA,2020-04-09,333,342,60,356,259,308,320,NA
BRA,2020-04-10,209,215,45,260,119,195,196,NA
BRA,2020-04-11,168,162,68,174,88,143,137,NA
BRA,2020-04-12,157,157,42,172,100,138,140,NA
BRA,2020-04-13,263,261,56,325,143,245,240,NA
BRA,2020-04-14,277,286,60,318,185,260,267,NA
BRA,2020-04-15,291,286,58,327,192,271,271,NA
BRA,2020-04-16,290,295,39,344,202,272,277,NA
BRA,2020-04-17,298,306,51,327,226,283,285,NA
BRA,2020-04-18,214,223,59,252,126,188,200,NA
BRA,2020-04-19,153,149,47,163,92,131,130,NA
BRA,2020-04-20,242,240,50,263,169,222,218,NA
BRA,2020-04-21,265,244,58,291,160,238,219,NA
BRA,2020-04-22,304,307,64,316,231,283,284,NA
BRA,2020-04-23,326,354,55,339,286,302,327,NA
BRA,2020-04-24,343,350,56,361,276,327,332,NA
BRA,2020-04-25,230,232,48,249,165,209,210,NA
BRA,2020-04-26,170,168,43,187,108,148,152,NA
BRA,2020-04-27,313,305,61,314,243,289,281,NA
BRA,2020-04-28,357,359,56,368,292,340,340,NA
BRA,2020-04-29,389,389,76,392,310,365,368,NA
BRA,2020-04-30,384,407,52,369,370,361,382,NA
BRA,2020-05-01,266,280,56,260,230,245,259,NA
BRA,2020-05-02,206,205,57,188,166,188,182,NA
BRA,2020-05-03,180,174,50,176,128,158,158,NA
BRA,2020-05-04,357,359,69,360,287,332,335,NA
BRA,2020-05-05,369,369,66,395,277,347,346,NA
BRA,2020-05-06,414,399,65,436,312,392,378,NA
BRA,2020-05-07,421,414,67,417,351,398,390,NA
BRA,2020-05-08,415,437,59,463,330,396,413,NA
BRA,2020-05-09,275,269,56,305,183,252,244,NA
BRA,2020-05-10,185,182,43,189,135,160,164,NA
BRA,2020-05-11,349,355,74,392,238,327,325,NA
BRA,2020-05-12,442,433,73,476,326,417,406,NA
BRA,2020-05-13,388,392,91,424,265,350,361,NA
BRA,2020-05-14,391,403,75,415,304,365,378,NA
BRA,2020-05-15,375,381,58,442,256,357,361,NA
BRA,2020-05-16,258,253,52,308,151,234,233,NA
BRA,2020-05-17,204,207,45,211,155,182,183,NA
BRA,2020-05-18,347,349,57,388,251,326,322,NA
BRA,2020-05-19,398,391,72,426,291,370,369,NA
BRA,2020-05-20,400,411,89,417,305,373,382,NA
BRA,2020-05-21,375,383,67,424,267,348,360,NA
BRA,2020-05-22,398,409,85,464,258,368,375,NA
BRA,2020-05-23,252,248,59,311,130,230,224,NA
BRA,2020-05-24,207,191,63,206,129,175,169,NA
BRA,2020-05-25,361,386,59,466,222,337,356,NA
BRA,2020-05-26,404,395,80,479,240,374,367,NA
BRA,2020-05-27,424,435,91,457,311,394,402,NA
BRA,2020-05-28,432,414,77,487,282,404,388,NA
BRA,2020-05-29,453,450,78,498,327,427,423,NA
BRA,2020-05-30,295,304,49,346,204,273,282,NA
BRA,2020-05-31,213,198,51,214,146,193,182,NA
BRA,2020-06-01,380,394,69,447,258,355,369,NA
BRA,2020-06-02,408,398,90,429,287,379,369,NA
BRA,2020-06-03,449,445,100,442,352,417,414,NA
BRA,2020-06-04,453,482,80,501,354,420,454,NA
BRA,2020-06-05,482,486,88,590,290,456,450,NA
BRA,2020-06-06,285,292,56,360,161,270,269,NA
BRA,2020-06-07,222,220,55,237,150,190,202,NA
BRA,2020-06-08,405,411,73,475,268,373,378,NA
BRA,2020-06-09,432,421,83,516,254,405,397,NA
BRA,2020-06-10,505,515,89,624,307,476,485,NA
BRA,2020-06-11,454,445,79,572,248,423,418,NA
BRA,2020-06-12,309,322,90,331,210,281,293,NA
BRA,2020-06-13,239,236,56,274,145,221,216,NA
BRA,2020-06-14,273,270,69,319,155,242,246,NA
BRA,2020-06-15,530,544,65,778,231,502,516,NA
BRA,2020-06-16,479,474,87,618,248,450,447,NA
BRA,2020-06-17,545,552,81,682,334,515,520,NA
BRA,2020-06-18,537,545,72,711,299,510,513,NA
BRA,2020-06-19,589,609,75,798,325,561,582,NA
BRA,2020-06-20,299,284,60,342,181,277,258,NA
BRA,2020-06-21,324,343,69,410,188,298,316,NA
BRA,2020-06-22,503,490,56,710,227,475,466,NA
BRA,2020-06-23,514,499,83,629,301,487,473,NA
BRA,2020-06-24,534,543,90,653,334,502,516,NA
BRA,2020-06-25,532,531,81,674,308,504,503,NA
BRA,2020-06-26,599,620,83,784,352,573,588,NA
BRA,2020-06-27,342,311,65,419,169,318,283,NA
BRA,2020-06-28,348,366,68,471,175,317,336,NA
BRA,2020-06-29,572,583,64,800,291,541,558,NA
BRA,2020-06-30,517,506,83,674,266,492,477,NA
BRA,2020-07-01,589,611,98,834,268,554,581,NA
BRA,2020-07-02,635,643,77,890,311,604,612,NA
BRA,2020-07-03,689,686,83,954,338,662,658,NA
BRA,2020-07-04,370,364,60,492,182,345,337,NA
BRA,2020-07-05,343,359,61,480,161,317,330,NA
BRA,2020-07-06,602,584,65,911,210,569,561,NA
BRA,2020-07-07,542,540,82,775,225,510,509,NA
BRA,2020-07-08,598,616,104,794,316,565,583,NA
BRA,2020-07-09,617,609,78,816,332,589,579,NA
BRA,2020-07-10,703,730,83,996,354,673,697,NA
BRA,2020-07-11,373,374,70,496,181,346,348,NA
BRA,2020-07-12,373,381,59,528,167,351,357,NA
BRA,2020-07-13,645,634,66,993,220,614,607,NA
BRA,2020-07-14,561,541,82,776,244,530,515,NA
BRA,2020-07-15,626,633,93,862,304,595,596,NA
BRA,2020-07-16,629,643,87,907,278,599,616,NA
BRA,2020-07-17,688,720,95,1017,296,649,685,NA
BRA,2020-07-18,440,421,89,560,212,415,392,NA
BRA,2020-07-19,399,407,53,573,180,371,384,NA
BRA,2020-07-20,681,678,86,1024,249,648,646,NA
BRA,2020-07-21,658,647,92,913,300,629,615,NA
BRA,2020-07-22,626,635,105,861,295,592,603,NA
BRA,2020-07-23,664,685,90,931,328,638,656,NA
BRA,2020-07-24,725,755,89,1053,338,697,724,NA
BRA,2020-07-25,441,436,94,521,262,409,402,NA
BRA,2020-07-26,433,435,59,624,185,404,409,NA
BRA,2020-07-27,673,660,79,1025,229,643,630,NA
BRA,2020-07-28,638,622,89,892,279,604,595,NA
BRA,2020-07-29,648,649,107,892,298,617,615,NA
BRA,2020-07-30,678,668,84,917,345,652,645,NA
BRA,2020-07-31,764,811,79,1128,368,733,775,NA
BRA,2020-08-01,447,435,86,567,229,418,406,NA
BRA,2020-08-02,457,470,60,659,208,428,441,NA
BRA,2020-08-03,779,781,81,1174,305,743,752,NA
BRA,2020-08-04,759,747,106,1087,313,725,707,NA
BRA,2020-08-05,748,739,107,1019,361,709,700,NA
BRA,2020-08-06,800,821,103,1106,412,761,789,NA
BRA,2020-08-07,830,851,91,1225,365,796,815,NA
BRA,2020-08-08,460,439,104,611,184,425,397,NA
BRA,2020-08-09,448,453,59,656,186,422,427,NA
BRA,2020-08-10,797,816,79,1225,309,760,789,NA
BRA,2020-08-11,754,731,101,1057,327,722,700,NA
BRA,2020-08-12,714,724,112,1038,288,678,690,NA
BRA,2020-08-13,757,781,101,1100,337,721,749,NA
BRA,2020-08-14,829,840,79,1235,355,802,810,NA
BRA,2020-08-15,545,553,81,779,238,512,517,NA
BRA,2020-08-16,550,545,85,828,182,518,514,NA
BRA,2020-08-17,760,760,75,1224,221,727,734,NA
BRA,2020-08-18,795,785,94,1171,315,761,750,NA
BRA,2020-08-19,767,777,108,1151,285,733,740,NA
BRA,2020-08-20,757,777,98,1161,275,721,747,NA
BRA,2020-08-21,875,865,84,1307,349,843,830,NA
BRA,2020-08-22,574,584,94,840,224,541,549,NA
BRA,2020-08-23,516,527,80,805,158,484,495,NA
BRA,2020-08-24,787,794,82,1224,275,753,770,NA
BRA,2020-08-25,845,822,102,1185,380,809,789,NA
BRA,2020-08-26,829,835,102,1159,403,794,803,NA
BRA,2020-08-27,818,829,103,1181,363,777,792,NA
BRA,2020-08-28,910,930,90,1327,423,878,892,NA
BRA,2020-08-29,568,565,95,787,251,537,532,NA
BRA,2020-08-30,565,546,85,802,224,534,519,NA
BRA,2020-08-31,819,810,88,1254,287,782,780,NA
BRA,2020-09-01,865,866,120,1266,345,829,829,NA
BRA,2020-09-02,911,896,132,1321,354,867,856,NA
BRA,2020-09-03,968,977,123,1391,431,928,938,NA
BRA,2020-09-04,1105,1144,124,1597,528,1068,1098,NA
BRA,2020-09-05,686,695,118,1041,222,650,653,NA
BRA,2020-09-06,449,434,91,659,133,414,405,NA
BRA,2020-09-07,850,836,93,1333,260,814,804,NA
BRA,2020-09-08,993,989,117,1511,354,954,952,NA
BRA,2020-09-09,942,948,117,1427,346,906,915,NA
BRA,2020-09-10,926,956,121,1403,358,885,923,NA
BRA,2020-09-11,987,992,118,1472,389,953,957,NA
BRA,2020-09-12,617,648,115,898,252,579,609,NA
BRA,2020-09-13,629,589,93,885,240,598,559,NA
BRA,2020-09-14,935,933,106,1503,259,893,895,NA
BRA,2020-09-15,954,956,131,1466,313,914,915,NA
BRA,2020-09-16,962,973,141,1441,353,916,931,NA
BRA,2020-09-17,975,983,121,1458,379,936,946,NA
BRA,2020-09-18,1020,1018,120,1508,410,987,982,NA
BRA,2020-09-19,630,645,118,934,223,593,608,NA
BRA,2020-09-20,678,663,93,1004,244,644,629,NA
BRA,2020-09-21,930,945,103,1500,272,892,910,NA
BRA,2020-09-22,932,911,132,1411,300,893,873,NA
BRA,2020-09-23,960,961,137,1415,369,919,921,NA
BRA,2020-09-24,992,1006,126,1503,369,946,966,NA
BRA,2020-09-25,1051,1082,117,1627,389,1012,1037,NA
BRA,2020-09-26,655,658,127,923,263,616,621,NA
BRA,2020-09-27,671,660,103,984,244,638,625,NA
BRA,2020-09-28,947,954,96,1502,303,908,915,NA
BRA,2020-09-29,952,931,124,1425,334,910,892,NA
BRA,2020-09-30,975,996,140,1471,360,929,955,NA
BRA,2020-10-01,1085,1098,121,1678,384,1043,1056,NA
BRA,2020-10-02,1134,1153,122,1823,342,1092,1105,NA
BRA,2020-10-03,789,768,122,1252,183,751,727,NA
BRA,2020-10-04,687,681,97,1078,193,651,640,NA
BRA,2020-10-05,1109,1122,96,1822,313,1070,1084,NA
BRA,2020-10-06,1144,1129,125,1775,373,1102,1089,NA
BRA,2020-10-07,1149,1168,131,1802,384,1101,1126,NA
BRA,2020-10-08,1237,1253,116,1951,423,1191,1212,NA
BRA,2020-10-09,1307,1337,115,2141,388,1261,1284,NA
BRA,2020-10-10,960,937,124,1474,299,917,887,NA
BRA,2020-10-11,548,570,97,863,158,513,533,NA
BRA,2020-10-12,1006,1003,98,1610,301,963,962,NA
BRA,2020-10-13,1250,1256,127,1996,383,1200,1217,NA
BRA,2020-10-14,1229,1240,133,1975,361,1181,1189,NA
BRA,2020-10-15,1238,1244,124,1998,360,1191,1202,NA
BRA,2020-10-16,1237,1255,112,2022,358,1191,1211,NA
BRA,2020-10-17,936,929,116,1481,268,884,879,NA
BRA,2020-10-18,795,775,107,1245,218,755,735,NA
BRA,2020-10-19,1210,1218,121,1997,310,1156,1170,NA
BRA,2020-10-20,1200,1175,127,1894,354,1149,1125,NA
BRA,2020-10-21,1184,1185,140,1841,388,1134,1135,NA
BRA,2020-10-22,1175,1214,114,1907,368,1125,1169,NA
BRA,2020-10-23,1255,1275,131,2004,395,1202,1219,NA
BRA,2020-10-24,894,866,131,1408,221,847,818,NA
BRA,2020-10-25,767,757,100,1203,221,730,715,NA
BRA,2020-10-26,1143,1159,114,1916,272,1086,1113,NA
BRA,2020-10-27,1148,1153,123,1854,324,1097,1104,NA
BRA,2020-10-28,1189,1206,132,1883,380,1139,1151,NA
BRA,2020-10-29,1259,1258,128,1991,398,1203,1214,NA
BRA,2020-10-30,1292,1337,123,2104,402,1242,1272,NA
BRA,2020-10-31,992,980,124,1606,242,938,928,NA
BRA,2020-11-01,687,695,104,1111,167,640,644,NA
BRA,2020-11-02,1085,1069,119,1763,272,1025,1019,NA
BRA,2020-11-03,1352,1346,128,2220,350,1297,1297,NA
BRA,2020-11-04,1342,1360,140,2201,361,1289,1306,NA
BRA,2020-11-05,1304,1306,128,2142,340,1250,1259,NA
BRA,2020-11-06,1349,1384,132,2251,350,1298,1323,NA
BRA,2020-11-07,1046,1027,127,1683,263,997,979,NA
BRA,2020-11-08,863,850,96,1390,227,805,797,NA
BRA,2020-11-09,1278,1290,116,2172,280,1223,1238,NA
BRA,2020-11-10,1290,1275,138,2087,340,1240,1227,NA
BRA,2020-11-11,1300,1310,137,2093,380,1252,1250,NA
BRA,2020-11-12,1298,1315,129,2144,340,1239,1264,NA
BRA,2020-11-13,1402,1405,144,2291,372,1342,1343,NA
BRA,2020-11-14,1033,1014,128,1693,226,978,959,NA
BRA,2020-11-15,866,879,109,1427,209,810,825,NA
BRA,2020-11-16,1307,1304,119,2179,313,1250,1247,NA
BRA,2020-11-17,1313,1298,139,2111,361,1261,1246,NA
BRA,2020-11-18,1299,1290,139,2065,385,1243,1236,NA
BRA,2020-11-19,1395,1396,147,2228,416,1324,1340,NA
BRA,2020-11-20,1338,1362,135,2202,363,1284,1298,NA
BRA,2020-11-21,1039,1022,135,1671,255,981,967,NA
BRA,2020-11-22,895,909,110,1442,252,845,850,NA
BRA,2020-11-23,1361,1356,121,2214,382,1297,1300,NA
BRA,2020-11-24,1342,1348,145,2148,397,1284,1286,NA
BRA,2020-11-25,1319,1336,131,2120,404,1268,1281,NA
BRA,2020-11-26,1400,1417,151,2205,461,1336,1360,NA
BRA,2020-11-27,1453,1463,133,2309,474,1400,1404,NA
BRA,2020-11-28,1046,1040,134,1701,251,986,981,NA
BRA,2020-11-29,897,891,110,1438,240,845,836,NA
BRA,2020-11-30,1328,1319,115,2218,314,1262,1262,NA
BRA,2020-12-01,1424,1419,144,2299,400,1365,1365,NA
BRA,2020-12-02,1406,1423,152,2248,429,1351,1364,NA
BRA,2020-12-03,1489,1473,160,2369,433,1423,1411,NA
BRA,2020-12-04,1511,1536,162,2437,448,1451,1466,NA
BRA,2020-12-05,1161,1144,173,1901,231,1093,1078,NA
BRA,2020-12-06,953,942,139,1549,207,893,883,NA
BRA,2020-12-07,1366,1408,151,2287,336,1297,1340,NA
BRA,2020-12-08,1452,1433,174,2322,389,1373,1358,NA
BRA,2020-12-09,1427,1417,173,2304,367,1366,1357,NA
BRA,2020-12-10,1505,1525,166,2425,439,1437,1460,NA
BRA,2020-12-11,1512,1542,151,2459,444,1449,1476,NA
BRA,2020-12-12,1220,1192,178,1974,260,1142,1117,NA
BRA,2020-12-13,981,991,144,1581,247,921,929,NA
BRA,2020-12-14,1478,1463,163,2404,374,1399,1395,NA
BRA,2020-12-15,1477,1484,169,2385,407,1414,1412,NA
BRA,2020-12-16,1476,1494,171,2358,441,1406,1431,NA
BRA,2020-12-17,1582,1573,171,2518,466,1504,1494,NA
BRA,2020-12-18,1610,1624,151,2582,501,1537,1551,NA
BRA,2020-12-19,1446,1434,170,2387,323,1366,1356,NA
BRA,2020-12-20,1208,1215,154,2006,263,1133,1138,NA
BRA,2020-12-21,1510,1497,149,2452,406,1437,1428,NA
BRA,2020-12-22,1596,1603,176,2557,466,1529,1534,NA
BRA,2020-12-23,1601,1592,173,2559,461,1526,1518,NA
BRA,2020-12-24,1331,1290,153,2227,241,1265,1221,NA
BRA,2020-12-25,886,911,120,1504,173,832,858,NA
BRA,2020-12-26,1422,1452,152,2310,412,1356,1382,NA
BRA,2020-12-27,1270,1261,123,2061,347,1207,1197,NA
BRA,2020-12-28,1452,1439,121,2397,373,1392,1385,NA
BRA,2020-12-29,1502,1534,146,2469,421,1445,1466,NA
BRA,2020-12-30,1479,1480,141,2434,384,1426,1433,NA
BRA,2020-12-31,1218,1172,144,2020,226,1154,1114,NA
BRA,2021-01-01,821,860,110,1431,140,772,803,NA
BRA,2021-01-02,1279,1269,108,2249,191,1216,1212,NA
BRA,2021-01-03,1326,1335,109,2199,353,1263,1264,NA
BRA,2021-01-04,1589,1614,145,2630,428,1514,1546,NA
BRA,2021-01-05,1615,1617,156,2675,401,1551,1544,NA
BRA,2021-01-06,1559,1580,149,2632,358,1487,1506,NA
BRA,2021-01-07,1564,1573,156,2617,364,1492,1505,NA
BRA,2021-01-08,1600,1608,144,2655,409,1536,1537,NA
BRA,2021-01-09,1405,1400,157,2403,245,1330,1320,NA
BRA,2021-01-10,1228,1238,140,2054,272,1161,1167,NA
BRA,2021-01-11,1577,1585,141,2627,394,1502,1524,NA
BRA,2021-01-12,1531,1504,163,2556,316,1467,1437,NA
BRA,2021-01-13,1453,1493,151,2451,344,1386,1425,NA
BRA,2021-01-14,1507,1514,145,2481,395,1442,1453,NA
BRA,2021-01-15,1535,1562,147,2577,373,1467,1485,NA
BRA,2021-01-16,1407,1369,153,2341,282,1329,1303,NA
BRA,2021-01-17,1184,1196,132,1999,249,1127,1129,NA
BRA,2021-01-18,1543,1562,142,2560,403,1471,1501,NA
BRA,2021-01-19,1567,1548,167,2529,419,1500,1483,NA
BRA,2021-01-20,1470,1469,140,2397,402,1411,1401,NA
BRA,2021-01-21,1496,1469,157,2403,405,1421,1408,NA
BRA,2021-01-22,1545,1567,152,2523,437,1484,1496,NA
BRA,2021-01-23,1336,1346,162,2255,265,1265,1277,NA
BRA,2021-01-24,1109,1137,114,1890,242,1054,1076,NA
BRA,2021-01-25,1477,1484,137,2451,373,1407,1427,NA
BRA,2021-01-26,1507,1498,160,2422,423,1441,1433,NA
BRA,2021-01-27,1425,1420,141,2303,401,1366,1357,NA
BRA,2021-01-28,1456,1476,149,2329,454,1384,1408,NA
BRA,2021-01-29,1473,1479,140,2384,428,1412,1412,NA
BRA,2021-01-30,1281,1265,140,2137,269,1209,1203,NA
BRA,2021-01-31,1143,1169,116,1895,301,1091,1106,NA
BRA,2021-02-01,1337,1328,125,2225,315,1275,1273,NA
BRA,2021-02-02,1316,1330,127,2202,317,1262,1275,NA
BRA,2021-02-03,1379,1358,140,2223,374,1317,1297,NA
BRA,2021-02-04,1341,1337,142,2169,367,1282,1280,NA
BRA,2021-02-05,1371,1403,139,2219,416,1318,1344,NA
BRA,2021-02-06,1133,1122,139,1904,212,1072,1064,NA
BRA,2021-02-07,1009,1009,112,1667,239,959,958,NA
BRA,2021-02-08,1347,1357,127,2262,315,1291,1306,NA
BRA,2021-02-09,1315,1324,136,2182,321,1261,1269,NA
BRA,2021-02-10,1327,1330,141,2159,357,1269,1273,NA
BRA,2021-02-11,1400,1402,140,2252,410,1341,1344,NA
BRA,2021-02-12,1560,1574,149,2471,514,1504,1507,NA
BRA,2021-02-13,1230,1214,146,2022,276,1167,1149,NA
BRA,2021-02-14,798,787,124,1317,144,743,734,NA
BRA,2021-02-15,889,898,126,1457,204,830,843,NA
BRA,2021-02-16,969,973,123,1581,238,918,920,NA
BRA,2021-02-17,1324,1351,138,2103,434,1275,1296,NA
BRA,2021-02-18,1214,1203,125,1916,376,1154,1152,NA
BRA,2021-02-19,1241,1243,133,1984,367,1186,1179,NA
BRA,2021-02-20,1137,1134,128,1875,268,1077,1079,NA
BRA,2021-02-21,1063,1080,126,1714,303,1006,1021,NA
BRA,2021-02-22,1336,1333,133,2188,348,1273,1274,NA
BRA,2021-02-23,1290,1269,144,2080,335,1237,1217,NA
BRA,2021-02-24,1292,1299,142,2074,375,1241,1242,NA
BRA,2021-02-25,1281,1301,128,2051,403,1227,1247,NA
BRA,2021-02-26,1372,1381,125,2217,411,1324,1325,NA
BRA,2021-02-27,1099,1091,130,1843,217,1040,1037,NA
BRA,2021-02-28,984,998,120,1647,215,934,938,NA
BRA,2021-03-01,1257,1272,140,2155,234,1197,1216,NA
BRA,2021-03-02,1291,1288,138,2101,340,1231,1239,NA
BRA,2021-03-03,1276,1272,137,2049,362,1225,1220,NA
BRA,2021-03-04,1301,1315,131,2115,370,1246,1262,NA
BRA,2021-03-05,1346,1358,136,2163,405,1298,1301,NA
BRA,2021-03-06,1082,1078,135,1772,253,1024,1019,NA
BRA,2021-03-07,925,931,112,1523,221,879,880,NA
BRA,2021-03-08,1225,1227,134,2059,259,1158,1170,NA
BRA,2021-03-09,1166,1168,138,1874,322,1110,1113,NA
BRA,2021-03-10,1174,1164,124,1864,350,1130,1114,NA
BRA,2021-03-11,1201,1205,127,1907,372,1148,1150,NA
BRA,2021-03-12,1258,1268,125,1967,434,1198,1207,NA
BRA,2021-03-13,965,950,126,1547,242,904,894,NA
BRA,2021-03-14,798,807,100,1287,218,750,757,NA
BRA,2021-03-15,1029,1030,129,1664,266,971,977,NA
BRA,2021-03-16,1007,980,127,1542,318,952,933,NA
BRA,2021-03-17,1017,1021,136,1537,365,963,962,NA
BRA,2021-03-18,1044,1053,126,1580,391,991,999,NA
BRA,2021-03-19,1104,1118,123,1698,401,1050,1064,NA
BRA,2021-03-20,855,828,122,1348,213,795,771,NA
BRA,2021-03-21,733,749,107,1176,199,684,695,NA
BRA,2021-03-22,998,1002,138,1593,269,938,941,NA
BRA,2021-03-23,880,867,127,1315,305,831,817,NA
BRA,2021-03-24,913,919,133,1367,332,860,864,NA
BRA,2021-03-25,964,963,127,1408,392,907,909,NA
BRA,2021-03-26,1007,1030,130,1513,394,954,970,NA
BRA,2021-03-27,793,780,114,1217,242,739,728,NA
BRA,2021-03-28,670,662,88,1022,222,622,612,NA
BRA,2021-03-29,888,909,137,1343,317,826,851,NA
BRA,2021-03-30,881,872,128,1311,314,829,821,NA
BRA,2021-03-31,931,955,138,1367,381,879,894,NA
BRA,2021-04-01,1043,1063,119,1547,440,994,1016,NA
BRA,2021-04-02,737,721,111,1095,252,692,676,NA
BRA,2021-04-03,536,531,134,800,133,475,468,NA
BRA,2021-04-04,713,729,100,1102,240,661,676,NA
BRA,2021-04-05,952,949,135,1427,339,898,897,NA
BRA,2021-04-06,857,866,133,1255,335,805,812,NA
BRA,2021-04-07,877,871,128,1260,360,825,818,NA
BRA,2021-04-08,928,940,123,1352,393,874,891,NA
BRA,2021-04-09,942,956,116,1348,434,893,909,NA
BRA,2021-04-10,737,706,129,1099,215,672,642,NA
BRA,2021-04-11,696,705,97,1091,213,652,654,NA
BRA,2021-04-12,919,909,124,1399,305,864,856,NA
BRA,2021-04-13,856,832,132,1253,303,807,789,NA
BRA,2021-04-14,931,928,139,1310,410,877,870,NA
BRA,2021-04-15,914,943,123,1388,346,863,894,NA
BRA,2021-04-16,934,971,127,1376,402,893,916,NA
BRA,2021-04-17,742,713,126,1122,207,679,659,NA
BRA,2021-04-18,682,693,104,1084,187,633,640,NA
BRA,2021-04-19,860,867,146,1308,273,801,810,NA
BRA,2021-04-20,868,854,131,1255,336,816,803,NA
BRA,2021-04-21,790,793,135,1221,227,734,735,NA
BRA,2021-04-22,851,860,129,1245,337,798,811,NA
BRA,2021-04-23,924,941,132,1331,402,880,888,NA
BRA,2021-04-24,750,726,140,1104,232,679,667,NA
BRA,2021-04-25,760,767,115,1107,305,703,710,NA
BRA,2021-04-26,946,939,141,1407,337,886,880,NA
BRA,2021-04-27,895,871,143,1279,344,840,815,NA
BRA,2021-04-28,914,926,150,1278,412,852,859,NA
BRA,2021-04-29,951,959,125,1334,451,897,911,NA
BRA,2021-04-30,978,1019,128,1412,457,926,963,NA
BRA,2021-05-01,799,787,145,1221,220,735,722,NA
BRA,2021-05-02,775,794,118,1199,252,716,735,NA
BRA,2021-05-03,973,985,136,1525,297,912,926,NA
BRA,2021-05-04,893,890,129,1349,305,842,834,NA
BRA,2021-05-05,965,953,145,1432,341,900,894,NA
BRA,2021-05-06,998,1030,131,1563,334,937,973,NA
BRA,2021-05-07,1089,1064,132,1639,382,1034,1008,NA
BRA,2021-05-08,841,821,139,1247,276,782,761,NA
BRA,2021-05-09,742,766,113,1182,213,687,711,NA
BRA,2021-05-10,1061,1079,147,1674,319,998,1016,NA
BRA,2021-05-11,1008,998,127,1533,346,959,950,NA
BRA,2021-05-12,1065,1039,152,1615,337,1007,975,NA
BRA,2021-05-13,1068,1084,114,1631,407,1014,1032,NA
BRA,2021-05-14,1190,1163,119,1783,451,1134,1112,NA
BRA,2021-05-15,918,883,126,1413,262,858,821,NA
BRA,2021-05-16,870,947,110,1403,304,815,889,NA
BRA,2021-05-17,1091,1086,125,1729,323,1029,1030,NA
BRA,2021-05-18,1065,1068,125,1649,359,1011,1014,NA
BRA,2021-05-19,1113,1117,136,1673,421,1045,1053,NA
BRA,2021-05-20,1130,1138,123,1721,424,1070,1084,NA
BRA,2021-05-21,1188,1191,125,1788,466,1129,1132,NA
BRA,2021-05-22,890,843,130,1361,242,829,777,NA
BRA,2021-05-23,872,906,100,1401,277,822,854,NA
BRA,2021-05-24,1115,1125,124,1774,342,1058,1064,NA
BRA,2021-05-25,1092,1103,126,1670,399,1036,1046,NA
BRA,2021-05-26,1115,1119,140,1715,379,1048,1057,NA
BRA,2021-05-27,1188,1205,114,1799,480,1132,1146,NA
BRA,2021-05-28,1234,1228,121,1920,421,1180,1170,NA
BRA,2021-05-29,967,944,131,1512,268,903,880,NA
BRA,2021-05-30,876,888,107,1425,232,821,834,NA
BRA,2021-05-31,1177,1168,135,1860,350,1111,1105,NA
BRA,2021-06-01,1139,1124,129,1708,426,1091,1076,NA
BRA,2021-06-02,1244,1282,123,1943,460,1187,1220,NA
BRA,2021-06-03,1136,1131,113,1738,416,1087,1082,NA
BRA,2021-06-04,921,918,127,1424,288,861,858,NA
BRA,2021-06-05,777,783,111,1248,201,716,722,NA
BRA,2021-06-06,997,999,113,1486,397,943,945,NA
BRA,2021-06-07,1300,1316,126,2124,366,1239,1254,NA
BRA,2021-06-08,1249,1214,119,1953,391,1195,1164,NA
BRA,2021-06-09,1244,1251,121,1974,400,1184,1197,NA
BRA,2021-06-10,1287,1316,108,2058,437,1232,1260,NA
BRA,2021-06-11,1355,1352,126,2126,455,1296,1292,NA
BRA,2021-06-12,1077,1050,117,1736,274,1013,986,NA
BRA,2021-06-13,947,971,105,1505,308,893,915,NA
BRA,2021-06-14,1273,1290,121,2056,386,1216,1227,NA
BRA,2021-06-15,1236,1234,115,1943,412,1181,1186,NA
BRA,2021-06-16,1226,1222,133,1921,394,1165,1163,NA
BRA,2021-06-17,1285,1285,110,2003,457,1226,1229,NA
BRA,2021-06-18,1384,1397,125,2153,503,1324,1337,NA
BRA,2021-06-19,1070,1051,123,1757,241,1009,983,NA
BRA,2021-06-20,1001,1010,116,1609,286,938,954,NA
BRA,2021-06-21,1273,1269,123,2068,351,1220,1209,NA
BRA,2021-06-22,1251,1228,123,1919,437,1198,1177,NA
BRA,2021-06-23,1234,1284,134,1963,421,1173,1214,NA
BRA,2021-06-24,1234,1212,113,1950,383,1177,1163,NA
BRA,2021-06-25,1342,1358,120,2094,486,1288,1296,NA
BRA,2021-06-26,1036,1003,126,1662,251,972,934,NA
BRA,2021-06-27,943,966,108,1526,275,887,907,NA
BRA,2021-06-28,1269,1278,131,2056,360,1212,1212,NA
BRA,2021-06-29,1197,1180,115,1940,322,1139,1131,NA
BRA,2021-06-30,1216,1233,126,1939,384,1160,1170,NA
BRA,2021-07-01,1400,1435,125,2241,469,1333,1365,NA
BRA,2021-07-02,1456,1462,135,2383,400,1393,1396,NA
BRA,2021-07-03,1214,1212,129,2059,238,1139,1144,NA
BRA,2021-07-04,1130,1142,121,1887,264,1067,1073,NA
BRA,2021-07-05,1392,1380,113,2302,357,1333,1323,NA
BRA,2021-07-06,1402,1393,128,2233,434,1340,1334,NA
BRA,2021-07-07,1436,1443,130,2330,419,1375,1377,NA
BRA,2021-07-08,1430,1484,123,2370,421,1370,1422,NA
BRA,2021-07-09,1549,1541,132,2496,462,1480,1475,NA
BRA,2021-07-10,1226,1183,116,2038,255,1163,1116,NA
BRA,2021-07-11,1198,1229,137,1960,330,1125,1154,NA
BRA,2021-07-12,1457,1460,124,2428,365,1393,1406,NA
BRA,2021-07-13,1362,1381,125,2267,351,1311,1320,NA
BRA,2021-07-14,1460,1440,133,2392,375,1390,1372,NA
BRA,2021-07-15,1444,1464,122,2363,423,1383,1403,NA
BRA,2021-07-16,1549,1557,129,2522,455,1490,1489,NA
BRA,2021-07-17,1264,1218,113,2152,217,1205,1165,NA
BRA,2021-07-18,1149,1184,113,1965,255,1085,1114,NA
BRA,2021-07-19,1477,1486,130,2489,344,1409,1423,NA
BRA,2021-07-20,1433,1429,116,2410,336,1378,1376,NA
BRA,2021-07-21,1493,1473,136,2437,393,1420,1405,NA
BRA,2021-07-22,1511,1535,128,2466,452,1441,1463,NA
BRA,2021-07-23,1549,1563,125,2576,411,1476,1493,NA
BRA,2021-07-24,1308,1280,125,2183,280,1240,1209,NA
BRA,2021-07-25,1210,1236,131,2014,301,1134,1160,NA
BRA,2021-07-26,1478,1481,135,2466,358,1409,1415,NA
BRA,2021-07-27,1450,1452,130,2407,365,1387,1393,NA
BRA,2021-07-28,1514,1479,134,2457,402,1446,1408,NA
BRA,2021-07-29,1514,1557,127,2454,490,1447,1491,NA
BRA,2021-07-30,1587,1601,115,2608,465,1524,1535,NA
BRA,2021-07-31,1304,1252,118,2151,287,1230,1186,NA
BRA,2021-08-01,1171,1192,129,1918,316,1091,1118,NA
BRA,2021-08-02,1472,1468,130,2493,317,1396,1394,NA
BRA,2021-08-03,1459,1456,121,2443,351,1402,1395,NA
BRA,2021-08-04,1458,1435,123,2391,379,1394,1378,NA
BRA,2021-08-05,1478,1523,123,2447,431,1415,1454,NA
BRA,2021-08-06,1568,1563,108,2563,460,1510,1505,NA
BRA,2021-08-07,1229,1205,123,2034,277,1161,1140,NA
BRA,2021-08-08,1112,1128,120,1871,249,1044,1065,NA
BRA,2021-08-09,1455,1454,115,2469,325,1394,1384,NA
BRA,2021-08-10,1442,1461,121,2429,353,1382,1400,NA
BRA,2021-08-11,1535,1511,138,2501,407,1463,1447,NA
BRA,2021-08-12,1513,1535,114,2540,394,1454,1472,NA
BRA,2021-08-13,1607,1596,106,2663,434,1545,1536,NA
BRA,2021-08-14,1257,1242,130,2088,281,1190,1169,NA
BRA,2021-08-15,1145,1168,123,1902,288,1076,1104,NA
BRA,2021-08-16,1475,1465,114,2512,314,1408,1397,NA
BRA,2021-08-17,1463,1471,116,2435,383,1408,1417,NA
BRA,2021-08-18,1545,1522,126,2510,431,1470,1460,NA
BRA,2021-08-19,1524,1578,134,2527,441,1466,1509,NA
BRA,2021-08-20,1629,1648,114,2693,470,1571,1581,NA
BRA,2021-08-21,1205,1150,118,1991,246,1133,1088,NA
BRA,2021-08-22,1028,1076,134,1645,325,959,1004,NA
BRA,2021-08-23,1411,1424,131,2358,346,1344,1357,NA
BRA,2021-08-24,1439,1412,116,2274,461,1379,1356,NA
BRA,2021-08-25,1464,1454,141,2330,447,1392,1382,NA
BRA,2021-08-26,1520,1554,119,2499,456,1461,1494,NA
BRA,2021-08-27,1646,1662,123,2700,485,1582,1592,NA
BRA,2021-08-28,1256,1228,120,2088,276,1188,1162,NA
BRA,2021-08-29,1141,1155,113,1901,282,1079,1091,NA
BRA,2021-08-30,1460,1479,114,2513,312,1401,1418,NA
BRA,2021-08-31,1477,1463,120,2426,394,1419,1407,NA
BRA,2021-09-01,1572,1572,141,2593,410,1498,1504,NA
BRA,2021-09-02,1650,1668,128,2713,477,1583,1601,NA
BRA,2021-09-03,1841,1830,117,2943,611,1772,1751,NA
BRA,2021-09-04,1425,1402,140,2377,310,1346,1328,NA
BRA,2021-09-05,905,891,118,1431,247,841,825,NA
BRA,2021-09-06,1125,1109,131,1782,321,1046,1036,NA
BRA,2021-09-07,1493,1508,115,2402,484,1437,1447,NA
BRA,2021-09-08,1604,1626,120,2665,445,1532,1562,NA
BRA,2021-09-09,1630,1660,124,2719,447,1560,1593,NA
BRA,2021-09-10,1689,1704,123,2792,478,1627,1626,NA
BRA,2021-09-11,1370,1352,147,2310,265,1293,1274,NA
BRA,2021-09-12,1242,1255,120,2084,293,1172,1185,NA
BRA,2021-09-13,1625,1593,149,2738,331,1544,1525,NA
BRA,2021-09-14,1609,1599,127,2698,383,1556,1543,NA
BRA,2021-09-15,1629,1640,141,2681,447,1555,1569,NA
BRA,2021-09-16,1636,1620,130,2654,472,1569,1552,NA
BRA,2021-09-17,1697,1736,121,2884,428,1636,1672,NA
BRA,2021-09-18,1382,1355,134,2339,264,1304,1282,NA
BRA,2021-09-19,1233,1249,125,2067,290,1159,1174,NA
BRA,2021-09-20,1583,1597,136,2699,345,1514,1531,NA
BRA,2021-09-21,1645,1602,129,2710,408,1587,1540,NA
BRA,2021-09-22,1593,1628,133,2651,437,1526,1558,NA
BRA,2021-09-23,1634,1642,129,2742,405,1566,1575,NA
BRA,2021-09-24,1660,1683,122,2794,427,1597,1619,NA
BRA,2021-09-25,1374,1348,139,2324,259,1299,1280,NA
BRA,2021-09-26,1233,1245,129,2091,258,1162,1173,NA
BRA,2021-09-27,1610,1611,133,2744,344,1541,1541,NA
BRA,2021-09-28,1620,1619,137,2700,402,1561,1562,NA
BRA,2021-09-29,1589,1592,156,2650,375,1519,1515,NA
BRA,2021-09-30,1664,1668,141,2771,420,1590,1602,NA
BRA,2021-10-01,1675,1696,135,2817,419,1609,1619,NA
BRA,2021-10-02,1416,1372,136,2400,252,1341,1302,NA
BRA,2021-10-03,1210,1249,136,2105,218,1132,1170,NA
BRA,2021-10-04,1623,1606,141,2769,319,1541,1533,NA
BRA,2021-10-05,1637,1621,138,2691,429,1576,1554,NA
BRA,2021-10-06,1678,1718,140,2782,474,1609,1641,NA
BRA,2021-10-07,1741,1737,135,2841,502,1663,1663,NA
BRA,2021-10-08,1897,1906,129,3066,608,1825,1824,NA
BRA,2021-10-09,1458,1451,142,2466,301,1383,1372,NA
BRA,2021-10-10,847,819,120,1407,139,776,746,NA
BRA,2021-10-11,957,981,128,1608,202,888,910,NA
BRA,2021-10-12,1375,1404,133,2335,311,1309,1344,NA
BRA,2021-10-13,1689,1671,134,2788,438,1612,1599,NA
BRA,2021-10-14,1622,1655,133,2726,418,1552,1583,NA
BRA,2021-10-15,1661,1680,129,2836,376,1586,1607,NA
BRA,2021-10-16,1397,1368,142,2406,217,1321,1288,NA
BRA,2021-10-17,1312,1308,134,2183,303,1230,1229,NA
BRA,2021-10-18,1635,1638,137,2750,386,1555,1570,NA
BRA,2021-10-19,1672,1652,148,2822,354,1593,1577,NA
BRA,2021-10-20,1720,1738,139,2819,500,1649,1662,NA
BRA,2021-10-21,1719,1755,139,2841,494,1637,1676,NA
BRA,2021-10-22,1767,1779,129,2922,495,1696,1705,NA
BRA,2021-10-23,1432,1402,138,2419,277,1355,1328,NA
BRA,2021-10-24,1279,1287,119,2162,285,1210,1215,NA
BRA,2021-10-25,1621,1618,139,2770,330,1545,1549,NA
BRA,2021-10-26,1634,1642,140,2753,383,1564,1562,NA
BRA,2021-10-27,1686,1681,136,2770,461,1608,1610,NA
BRA,2021-10-28,1732,1746,129,2858,491,1658,1672,NA
BRA,2021-10-29,1801,1808,111,2953,545,1736,1733,NA
BRA,2021-10-30,1493,1466,146,2473,340,1413,1389,NA
BRA,2021-10-31,1052,1066,123,1814,181,982,989,NA
BRA,2021-11-01,1214,1214,122,2103,203,1137,1142,NA
BRA,2021-11-02,1579,1605,131,2672,381,1496,1521,NA
BRA,2021-11-03,1755,1743,123,2998,377,1679,1668,NA
BRA,2021-11-04,1166,1366,87,2121,324,1106,1311,NA
