REG,OVR_FLTS,DATE,ARRS,DEPS,HEAVY,MED,LIGHT,ARRS_DOM,DEPS_DOM
BRA,,2019-01-01T00:00:00Z,1598,1657,211,2789,255,1408,1463
BRA,,2019-01-02T00:00:00Z,2149,2180,225,3658,446,1937,1959
BRA,,2019-01-03T00:00:00Z,2196,2219,225,3788,402,1978,1998
BRA,,2019-01-04T00:00:00Z,2189,2191,231,3748,401,1970,1976
BRA,,2019-01-05T00:00:00Z,1878,1883,229,3299,233,1648,1642
BRA,,2019-01-06T00:00:00Z,1806,1826,217,3180,235,1571,1607
BRA,,2019-01-07T00:00:00Z,2051,2048,234,3550,315,1833,1831
BRA,,2019-01-08T00:00:00Z,2152,2159,234,3726,351,1945,1944
BRA,,2019-01-09T00:00:00Z,2177,2195,235,3818,319,1968,1979
BRA,,2019-01-10T00:00:00Z,2202,2176,220,3778,380,1984,1964
BRA,,2019-01-11T00:00:00Z,2178,2223,227,3756,418,1970,2004
BRA,,2019-01-12T00:00:00Z,1844,1833,224,3263,190,1618,1597
BRA,,2019-01-13T00:00:00Z,1817,1815,219,3176,237,1585,1605
BRA,,2019-01-14T00:00:00Z,2105,2112,228,3736,253,1886,1892
BRA,,2019-01-15T00:00:00Z,2182,2189,239,3806,326,1965,1974
BRA,,2019-01-16T00:00:00Z,2148,2147,237,3729,329,1931,1930
BRA,,2019-01-17T00:00:00Z,2191,2205,233,3828,335,1984,1997
BRA,,2019-01-18T00:00:00Z,2229,2227,231,3812,413,2015,2001
BRA,,2019-01-19T00:00:00Z,1830,1817,230,3229,188,1604,1587
BRA,,2019-01-20T00:00:00Z,1827,1814,213,3187,241,1601,1597
BRA,,2019-01-21T00:00:00Z,2140,2152,222,3732,338,1928,1940
BRA,,2019-01-22T00:00:00Z,2210,2196,248,3747,411,1997,1982
BRA,,2019-01-23T00:00:00Z,2163,2206,242,3719,408,1949,1994
BRA,,2019-01-24T00:00:00Z,2188,2195,232,3748,403,1967,1981
BRA,,2019-01-25T00:00:00Z,2148,2139,239,3689,359,1935,1925
BRA,,2019-01-26T00:00:00Z,1854,1860,236,3257,221,1628,1620
BRA,,2019-01-27T00:00:00Z,1853,1828,218,3216,247,1616,1616
BRA,,2019-01-28T00:00:00Z,2151,2154,221,3736,348,1930,1938
BRA,,2019-01-29T00:00:00Z,2185,2200,251,3755,379,1975,1991
BRA,,2019-01-30T00:00:00Z,2218,2209,236,3754,437,1999,1991
BRA,,2019-01-31T00:00:00Z,2218,2223,235,3778,428,2002,2010
BRA,,2019-02-01T00:00:00Z,2196,2197,229,3739,425,1987,1977
BRA,,2019-02-02T00:00:00Z,1778,1790,229,3118,221,1548,1556
BRA,,2019-02-03T00:00:00Z,1767,1747,212,3074,228,1543,1535
BRA,,2019-02-04T00:00:00Z,2107,2109,225,3671,320,1898,1899
BRA,,2019-02-05T00:00:00Z,2149,2152,236,3697,368,1939,1950
BRA,,2019-02-06T00:00:00Z,2108,2121,247,3610,372,1902,1909
BRA,,2019-02-07T00:00:00Z,2184,2184,229,3709,430,1975,1981
BRA,,2019-02-08T00:00:00Z,2184,2207,232,3740,419,1975,1993
BRA,,2019-02-09T00:00:00Z,1764,1751,228,3051,236,1549,1530
BRA,,2019-02-10T00:00:00Z,1678,1671,202,2926,221,1464,1472
BRA,,2019-02-11T00:00:00Z,2127,2119,229,3682,335,1914,1913
BRA,,2019-02-12T00:00:00Z,2121,2146,231,3671,365,1923,1941
BRA,,2019-02-13T00:00:00Z,2147,2131,224,3705,349,1945,1928
BRA,,2019-02-14T00:00:00Z,2224,2249,225,3775,473,2018,2037
BRA,,2019-02-15T00:00:00Z,2153,2181,226,3706,402,1952,1981
BRA,,2019-02-16T00:00:00Z,1763,1736,223,3073,203,1549,1518
BRA,,2019-02-17T00:00:00Z,1548,1559,204,2703,200,1345,1368
BRA,,2019-02-18T00:00:00Z,2096,2099,213,3644,338,1894,1903
BRA,,2019-02-19T00:00:00Z,2155,2118,228,3626,419,1962,1918
BRA,,2019-02-20T00:00:00Z,2093,2123,231,3565,420,1896,1928
BRA,,2019-02-21T00:00:00Z,2212,2226,225,3772,441,2000,2018
BRA,,2019-02-22T00:00:00Z,2130,2168,224,3652,422,1931,1960
BRA,,2019-02-23T00:00:00Z,1845,1785,222,3159,249,1635,1564
BRA,,2019-02-24T00:00:00Z,1618,1647,206,2824,235,1407,1454
BRA,,2019-02-25T00:00:00Z,2041,2063,212,3574,318,1844,1865
BRA,,2019-02-26T00:00:00Z,2090,2091,230,3596,355,1888,1890
BRA,,2019-02-27T00:00:00Z,2163,2158,224,3687,410,1969,1956
BRA,,2019-02-28T00:00:00Z,2225,2228,235,3778,440,2010,2005
BRA,,2019-03-01T00:00:00Z,2312,2344,232,3873,551,2101,2117
BRA,,2019-03-02T00:00:00Z,2002,1956,216,3318,424,1787,1715
BRA,,2019-03-03T00:00:00Z,1272,1263,220,2095,220,1053,1069
BRA,,2019-03-04T00:00:00Z,1317,1348,203,2267,195,1126,1148
BRA,,2019-03-05T00:00:00Z,1505,1542,218,2632,197,1311,1344
BRA,,2019-03-06T00:00:00Z,2093,2109,212,3631,359,1896,1916
BRA,,2019-03-07T00:00:00Z,2078,2058,213,3533,390,1867,1857
BRA,,2019-03-08T00:00:00Z,1969,1969,216,3330,392,1768,1763
BRA,,2019-03-09T00:00:00Z,1741,1721,210,3040,212,1523,1505
BRA,,2019-03-10T00:00:00Z,1707,1766,209,3011,253,1475,1565
BRA,,2019-03-11T00:00:00Z,2113,2094,214,3670,323,1911,1899
BRA,,2019-03-12T00:00:00Z,2095,2100,226,3650,319,1895,1910
BRA,,2019-03-13T00:00:00Z,2121,2120,215,3642,384,1932,1935
BRA,,2019-03-14T00:00:00Z,2135,2140,215,3641,419,1948,1948
BRA,,2019-03-15T00:00:00Z,2193,2236,213,3764,452,2002,2037
BRA,,2019-03-16T00:00:00Z,1796,1756,200,3106,246,1603,1543
BRA,,2019-03-17T00:00:00Z,1611,1632,194,2844,205,1409,1450
BRA,,2019-03-18T00:00:00Z,2062,2062,199,3620,305,1870,1872
BRA,,2019-03-19T00:00:00Z,2056,2052,214,3556,338,1877,1876
BRA,,2019-03-20T00:00:00Z,2133,2111,208,3630,406,1949,1929
BRA,,2019-03-21T00:00:00Z,2112,2150,204,3640,418,1929,1955
BRA,,2019-03-22T00:00:00Z,2113,2153,205,3687,374,1927,1961
BRA,,2019-03-23T00:00:00Z,1793,1755,203,3089,256,1599,1548
BRA,,2019-03-24T00:00:00Z,1636,1657,191,2870,232,1437,1475
BRA,,2019-03-25T00:00:00Z,2067,2069,193,3657,286,1878,1881
BRA,,2019-03-26T00:00:00Z,2091,2098,206,3600,383,1903,1911
BRA,,2019-03-27T00:00:00Z,2091,2091,200,3578,404,1909,1916
BRA,,2019-03-28T00:00:00Z,2105,2115,207,3643,370,1920,1927
BRA,,2019-03-29T00:00:00Z,2171,2214,212,3746,427,1984,2023
BRA,,2019-03-30T00:00:00Z,1791,1750,200,3142,199,1601,1541
BRA,,2019-03-31T00:00:00Z,1598,1619,187,2805,225,1403,1435
BRA,,2019-04-01T00:00:00Z,2072,2064,193,3612,331,1870,1879
BRA,,2019-04-02T00:00:00Z,2021,1988,195,3446,368,1848,1822
BRA,,2019-04-03T00:00:00Z,2051,2054,203,3514,388,1875,1886
BRA,,2019-04-04T00:00:00Z,2101,2117,212,3595,411,1929,1939
BRA,,2019-04-05T00:00:00Z,2114,2124,191,3622,425,1950,1956
BRA,,2019-04-06T00:00:00Z,1715,1673,198,3011,179,1544,1483
BRA,,2019-04-07T00:00:00Z,1517,1558,181,2713,181,1340,1393
BRA,,2019-04-08T00:00:00Z,2033,2013,200,3556,290,1850,1839
BRA,,2019-04-09T00:00:00Z,1943,1957,195,3327,378,1775,1782
BRA,,2019-04-10T00:00:00Z,2096,2111,192,3576,439,1928,1938
BRA,,2019-04-11T00:00:00Z,2104,2128,204,3578,450,1922,1950
BRA,,2019-04-12T00:00:00Z,2169,2145,194,3660,460,1995,1969
BRA,,2019-04-13T00:00:00Z,1728,1721,193,3000,256,1549,1518
BRA,,2019-04-14T00:00:00Z,1557,1583,178,2717,245,1361,1406
BRA,,2019-04-15T00:00:00Z,1993,1994,182,3464,341,1819,1826
BRA,,2019-04-16T00:00:00Z,1993,1968,197,3412,352,1819,1798
BRA,,2019-04-17T00:00:00Z,2111,2139,198,3521,531,1945,1968
BRA,,2019-04-18T00:00:00Z,2164,2204,204,3616,548,1982,2018
BRA,,2019-04-19T00:00:00Z,1725,1705,194,2946,290,1556,1530
BRA,,2019-04-20T00:00:00Z,1094,1109,179,1843,181,924,916
BRA,,2019-04-21T00:00:00Z,1626,1619,191,2689,365,1414,1434
BRA,,2019-04-22T00:00:00Z,2157,2155,197,3695,420,1964,1977
BRA,,2019-04-23T00:00:00Z,2012,2004,192,3448,376,1841,1830
BRA,,2019-04-24T00:00:00Z,1922,1962,190,3314,380,1763,1795
BRA,,2019-04-25T00:00:00Z,1973,1982,203,3292,460,1800,1816
BRA,,2019-04-26T00:00:00Z,2053,2050,191,3450,462,1880,1877
BRA,,2019-04-27T00:00:00Z,1629,1618,198,2771,278,1455,1425
BRA,,2019-04-28T00:00:00Z,1406,1426,184,2418,230,1222,1259
BRA,,2019-04-29T00:00:00Z,1905,1928,205,3215,413,1735,1753
BRA,,2019-04-30T00:00:00Z,1928,1928,193,3244,419,1781,1783
BRA,,2019-05-01T00:00:00Z,1535,1530,197,2566,302,1366,1347
BRA,,2019-05-02T00:00:00Z,1779,1799,195,3005,378,1612,1631
BRA,,2019-05-03T00:00:00Z,1986,1979,198,3294,473,1810,1809
BRA,,2019-05-04T00:00:00Z,1543,1531,193,2649,232,1378,1343
BRA,,2019-05-05T00:00:00Z,1515,1559,187,2647,240,1329,1389
BRA,,2019-05-06T00:00:00Z,1938,1937,186,3340,349,1754,1772
BRA,,2019-05-07T00:00:00Z,1878,1902,197,3246,337,1716,1731
BRA,,2019-05-08T00:00:00Z,1938,1926,193,3284,387,1766,1755
BRA,,2019-05-09T00:00:00Z,1956,1994,200,3316,434,1789,1823
BRA,,2019-05-10T00:00:00Z,2018,2013,215,3469,347,1841,1840
BRA,,2019-05-11T00:00:00Z,1547,1532,193,2696,190,1383,1349
BRA,,2019-05-12T00:00:00Z,1433,1457,183,2499,208,1255,1292
BRA,,2019-05-13T00:00:00Z,1888,1879,194,3322,251,1712,1704
BRA,,2019-05-14T00:00:00Z,1880,1874,202,3204,348,1715,1702
BRA,,2019-05-15T00:00:00Z,1860,1903,194,3190,379,1701,1746
BRA,,2019-05-16T00:00:00Z,1969,1988,198,3296,463,1805,1817
BRA,,2019-05-17T00:00:00Z,2000,1993,209,3360,424,1820,1822
BRA,,2019-05-18T00:00:00Z,1545,1522,199,2647,221,1382,1344
BRA,,2019-05-19T00:00:00Z,1438,1478,193,2500,223,1254,1310
BRA,,2019-05-20T00:00:00Z,1861,1861,192,3201,329,1691,1699
BRA,,2019-05-21T00:00:00Z,1913,1916,195,3291,343,1755,1745
BRA,,2019-05-22T00:00:00Z,1920,1912,210,3232,390,1751,1746
BRA,,2019-05-23T00:00:00Z,1936,1964,197,3327,376,1772,1789
BRA,,2019-05-24T00:00:00Z,2022,2021,203,3406,434,1843,1843
BRA,,2019-05-25T00:00:00Z,1587,1548,201,2694,240,1416,1367
BRA,,2019-05-26T00:00:00Z,1448,1486,186,2508,240,1276,1323
BRA,,2019-05-27T00:00:00Z,1917,1918,193,3272,370,1745,1747
BRA,,2019-05-28T00:00:00Z,1874,1893,195,3240,332,1709,1723
BRA,,2019-05-29T00:00:00Z,1937,1910,197,3194,456,1795,1781
BRA,,2019-05-30T00:00:00Z,1940,1961,201,3282,418,1775,1782
BRA,,2019-05-31T00:00:00Z,2018,2033,204,3380,467,1842,1861
BRA,,2019-06-01T00:00:00Z,1577,1570,205,2721,221,1403,1388
BRA,,2019-06-02T00:00:00Z,1449,1476,192,2543,190,1267,1302
BRA,,2019-06-03T00:00:00Z,1910,1889,188,3271,340,1734,1714
BRA,,2019-06-04T00:00:00Z,1919,1929,188,3283,377,1757,1767
BRA,,2019-06-05T00:00:00Z,1981,1966,205,3311,431,1815,1801
BRA,,2019-06-06T00:00:00Z,1987,2019,203,3366,437,1827,1850
BRA,,2019-06-07T00:00:00Z,2041,2039,204,3400,476,1863,1866
BRA,,2019-06-08T00:00:00Z,1586,1560,184,2719,243,1423,1385
BRA,,2019-06-09T00:00:00Z,1485,1530,189,2578,248,1306,1359
BRA,,2019-06-10T00:00:00Z,1948,1943,189,3314,388,1776,1770
BRA,,2019-06-11T00:00:00Z,1882,1878,179,3172,409,1724,1728
BRA,,2019-06-12T00:00:00Z,1932,1951,193,3271,419,1767,1795
BRA,,2019-06-13T00:00:00Z,1981,2012,196,3323,474,1819,1836
BRA,,2019-06-14T00:00:00Z,2117,2112,204,3483,542,1938,1940
BRA,,2019-06-15T00:00:00Z,1656,1608,200,2806,258,1481,1424
BRA,,2019-06-16T00:00:00Z,1478,1528,190,2595,221,1302,1354
BRA,,2019-06-17T00:00:00Z,1968,1950,187,3370,361,1794,1781
BRA,,2019-06-18T00:00:00Z,2003,2021,196,3387,441,1835,1850
BRA,,2019-06-19T00:00:00Z,2072,2123,198,3478,519,1900,1941
BRA,,2019-06-20T00:00:00Z,1910,1891,200,3198,403,1734,1703
BRA,,2019-06-21T00:00:00Z,1354,1337,209,2199,283,1176,1165
BRA,,2019-06-22T00:00:00Z,1193,1198,192,2003,196,1023,1013
BRA,,2019-06-23T00:00:00Z,1617,1657,201,2724,349,1397,1463
BRA,,2019-06-24T00:00:00Z,2046,2008,185,3490,379,1862,1830
BRA,,2019-06-25T00:00:00Z,1977,1999,196,3401,379,1795,1818
BRA,,2019-06-26T00:00:00Z,1946,1950,206,3335,355,1770,1775
BRA,,2019-06-27T00:00:00Z,2048,2046,198,3428,468,1881,1874
BRA,,2019-06-28T00:00:00Z,2079,2102,210,3478,493,1892,1919
BRA,,2019-06-29T00:00:00Z,1671,1630,209,2820,272,1495,1427
BRA,,2019-06-30T00:00:00Z,1503,1564,192,2622,253,1314,1377
BRA,,2019-07-01T00:00:00Z,1992,1988,190,3420,370,1819,1811
BRA,,2019-07-02T00:00:00Z,2035,2025,201,3502,357,1839,1844
BRA,,2019-07-03T00:00:00Z,2070,2072,194,3552,396,1893,1887
BRA,,2019-07-04T00:00:00Z,2080,2072,209,3530,413,1897,1891
BRA,,2019-07-05T00:00:00Z,2076,2126,220,3562,420,1902,1938
BRA,,2019-07-06T00:00:00Z,1781,1755,203,3051,282,1593,1553
BRA,,2019-07-07T00:00:00Z,1581,1625,201,2812,193,1386,1440
BRA,,2019-07-08T00:00:00Z,2034,2020,201,3522,331,1845,1836
BRA,,2019-07-09T00:00:00Z,2033,2016,204,3456,389,1850,1838
BRA,,2019-07-10T00:00:00Z,2075,2056,202,3538,391,1899,1873
BRA,,2019-07-11T00:00:00Z,2061,2080,207,3545,389,1879,1898
BRA,,2019-07-12T00:00:00Z,2116,2124,207,3584,449,1930,1944
BRA,,2019-07-13T00:00:00Z,1774,1750,207,3076,241,1593,1545
BRA,,2019-07-14T00:00:00Z,1637,1657,197,2875,222,1441,1476
BRA,,2019-07-15T00:00:00Z,2045,2043,193,3563,332,1859,1864
BRA,,2019-07-16T00:00:00Z,2066,2090,203,3579,374,1888,1906
BRA,,2019-07-17T00:00:00Z,2118,2120,203,3624,411,1934,1937
BRA,,2019-07-18T00:00:00Z,2148,2153,208,3675,418,1961,1970
BRA,,2019-07-19T00:00:00Z,2143,2174,212,3670,435,1964,1988
BRA,,2019-07-20T00:00:00Z,1770,1730,195,3068,237,1586,1537
BRA,,2019-07-21T00:00:00Z,1648,1679,197,2884,246,1468,1495
BRA,,2019-07-22T00:00:00Z,2036,2029,203,3535,327,1838,1841
BRA,,2019-07-23T00:00:00Z,2090,2069,203,3612,344,1908,1891
BRA,,2019-07-24T00:00:00Z,2087,2088,199,3622,354,1902,1898
BRA,,2019-07-25T00:00:00Z,2123,2157,206,3698,376,1935,1971
BRA,,2019-07-26T00:00:00Z,2161,2161,215,3643,464,1967,1973
BRA,,2019-07-27T00:00:00Z,1782,1757,205,3107,227,1596,1554
BRA,,2019-07-28T00:00:00Z,1673,1685,205,2930,223,1463,1504
BRA,,2019-07-29T00:00:00Z,2047,2038,191,3552,342,1862,1854
BRA,,2019-07-30T00:00:00Z,2108,2104,207,3610,395,1914,1915
BRA,,2019-07-31T00:00:00Z,2094,2124,202,3620,396,1912,1932
BRA,,2019-08-01T00:00:00Z,2079,2076,202,3504,449,1889,1894
BRA,,2019-08-02T00:00:00Z,2076,2071,214,3551,382,1882,1889
BRA,,2019-08-03T00:00:00Z,1676,1643,207,2925,187,1497,1447
BRA,,2019-08-04T00:00:00Z,1598,1626,199,2811,214,1402,1442
BRA,,2019-08-05T00:00:00Z,2001,1995,185,3459,352,1829,1820
BRA,,2019-08-06T00:00:00Z,2103,2082,208,3493,484,1924,1910
BRA,,2019-08-07T00:00:00Z,2032,2046,203,3466,409,1859,1874
BRA,,2019-08-08T00:00:00Z,2103,2101,204,3551,449,1927,1924
BRA,,2019-08-09T00:00:00Z,2140,2154,213,3553,528,1961,1972
BRA,,2019-08-10T00:00:00Z,1763,1690,204,2961,288,1583,1497
BRA,,2019-08-11T00:00:00Z,1607,1649,195,2818,243,1418,1469
BRA,,2019-08-12T00:00:00Z,2013,2000,185,3488,340,1835,1826
BRA,,2019-08-13T00:00:00Z,2058,2066,203,3520,401,1888,1892
BRA,,2019-08-14T00:00:00Z,2097,2089,197,3511,478,1924,1921
BRA,,2019-08-15T00:00:00Z,2139,2148,207,3558,522,1962,1971
BRA,,2019-08-16T00:00:00Z,2145,2214,207,3597,555,1976,2042
BRA,,2019-08-17T00:00:00Z,1736,1707,212,2976,255,1558,1518
BRA,,2019-08-18T00:00:00Z,1605,1641,194,2811,241,1422,1469
BRA,,2019-08-19T00:00:00Z,2028,2008,193,3499,344,1846,1835
BRA,,2019-08-20T00:00:00Z,2040,2028,193,3515,360,1870,1858
BRA,,2019-08-21T00:00:00Z,2072,2105,194,3556,427,1898,1931
BRA,,2019-08-22T00:00:00Z,2091,2120,200,3480,531,1921,1933
BRA,,2019-08-23T00:00:00Z,2127,2148,209,3558,508,1953,1974
BRA,,2019-08-24T00:00:00Z,1753,1697,200,2963,287,1574,1510
BRA,,2019-08-25T00:00:00Z,1622,1664,195,2822,269,1435,1496
BRA,,2019-08-26T00:00:00Z,2019,2008,191,3458,378,1842,1837
BRA,,2019-08-27T00:00:00Z,2062,2054,201,3472,443,1898,1882
BRA,,2019-08-28T00:00:00Z,2076,2084,188,3513,459,1900,1911
BRA,,2019-08-29T00:00:00Z,2104,2135,203,3582,454,1925,1951
BRA,,2019-08-30T00:00:00Z,2118,2117,207,3540,488,1943,1944
BRA,,2019-08-31T00:00:00Z,1691,1654,195,2923,227,1516,1464
BRA,,2019-09-01T00:00:00Z,1591,1623,196,2792,226,1407,1455
BRA,,2019-09-02T00:00:00Z,2061,2053,197,3590,327,1888,1883
BRA,,2019-09-03T00:00:00Z,2032,2049,190,3529,362,1871,1886
BRA,,2019-09-04T00:00:00Z,2085,2074,189,3595,375,1921,1914
BRA,,2019-09-05T00:00:00Z,2071,2106,199,3561,417,1908,1929
BRA,,2019-09-06T00:00:00Z,2139,2122,205,3641,415,1967,1954
BRA,,2019-09-07T00:00:00Z,1778,1741,195,3051,273,1607,1556
BRA,,2019-09-08T00:00:00Z,1619,1674,196,2866,231,1431,1495
BRA,,2019-09-09T00:00:00Z,2054,2040,184,3554,356,1876,1874
BRA,,2019-09-10T00:00:00Z,2086,2076,202,3609,351,1912,1901
BRA,,2019-09-11T00:00:00Z,2093,2084,200,3597,380,1924,1915
BRA,,2019-09-12T00:00:00Z,2097,2117,198,3598,418,1930,1946
BRA,,2019-09-13T00:00:00Z,2153,2186,206,3652,481,1979,2007
BRA,,2019-09-14T00:00:00Z,1718,1676,198,2986,210,1537,1485
BRA,,2019-09-15T00:00:00Z,1630,1659,198,2849,242,1439,1479
BRA,,2019-09-16T00:00:00Z,2039,2046,178,3583,324,1866,1879
BRA,,2019-09-17T00:00:00Z,2038,2041,215,3486,378,1874,1870
BRA,,2019-09-18T00:00:00Z,2138,2134,202,3605,465,1970,1961
BRA,,2019-09-19T00:00:00Z,2131,2145,201,3643,432,1962,1976
BRA,,2019-09-20T00:00:00Z,2164,2182,205,3688,453,1986,2002
BRA,,2019-09-21T00:00:00Z,1774,1725,201,3070,228,1600,1538
BRA,,2019-09-22T00:00:00Z,1628,1658,207,2859,220,1441,1483
BRA,,2019-09-23T00:00:00Z,2097,2086,180,3634,369,1924,1921
BRA,,2019-09-24T00:00:00Z,2093,2086,200,3594,385,1927,1924
BRA,,2019-09-25T00:00:00Z,2106,2092,206,3609,383,1939,1926
BRA,,2019-09-26T00:00:00Z,2109,2145,202,3609,443,1943,1985
BRA,,2019-09-27T00:00:00Z,2217,2222,210,3766,463,2051,2046
BRA,,2019-09-28T00:00:00Z,1845,1807,201,3197,254,1674,1623
BRA,,2019-09-29T00:00:00Z,1705,1740,216,2945,284,1522,1566
BRA,,2019-09-30T00:00:00Z,2120,2121,192,3678,371,1955,1957
BRA,,2019-10-01T00:00:00Z,2123,2120,204,3643,396,1948,1956
BRA,,2019-10-02T00:00:00Z,2145,2148,194,3717,382,1979,1985
BRA,,2019-10-03T00:00:00Z,2180,2191,202,3747,422,2023,2023
BRA,,2019-10-04T00:00:00Z,2191,2211,205,3786,411,2024,2042
BRA,,2019-10-05T00:00:00Z,1820,1781,204,3179,218,1652,1595
BRA,,2019-10-06T00:00:00Z,1658,1705,191,2922,250,1489,1539
BRA,,2019-10-07T00:00:00Z,2093,2084,192,3686,299,1929,1920
BRA,,2019-10-08T00:00:00Z,2070,2074,197,3565,382,1908,1920
BRA,,2019-10-09T00:00:00Z,2040,2045,203,3481,401,1883,1879
BRA,,2019-10-10T00:00:00Z,2119,2138,191,3612,454,1960,1966
BRA,,2019-10-11T00:00:00Z,2156,2176,206,3643,483,1993,2008
BRA,,2019-10-12T00:00:00Z,1764,1744,198,3064,246,1609,1564
BRA,,2019-10-13T00:00:00Z,1611,1633,196,2790,258,1422,1458
BRA,,2019-10-14T00:00:00Z,2027,2026,193,3556,304,1856,1862
BRA,,2019-10-15T00:00:00Z,2075,2052,207,3512,408,1911,1887
BRA,,2019-10-16T00:00:00Z,2079,2098,205,3598,374,1909,1931
BRA,,2019-10-17T00:00:00Z,2113,2123,202,3606,428,1953,1960
BRA,,2019-10-18T00:00:00Z,2131,2142,204,3640,429,1960,1979
BRA,,2019-10-19T00:00:00Z,1797,1761,207,3117,234,1623,1580
BRA,,2019-10-20T00:00:00Z,1604,1660,190,2817,257,1431,1494
BRA,,2019-10-21T00:00:00Z,2070,2029,199,3541,359,1900,1861
BRA,,2019-10-22T00:00:00Z,2076,2084,216,3523,421,1910,1923
BRA,,2019-10-23T00:00:00Z,2134,2128,204,3598,460,1969,1965
BRA,,2019-10-24T00:00:00Z,2156,2174,197,3602,531,1992,2005
BRA,,2019-10-25T00:00:00Z,2128,2155,200,3588,495,1952,1987
BRA,,2019-10-26T00:00:00Z,1783,1729,195,3085,232,1619,1551
BRA,,2019-10-27T00:00:00Z,1621,1667,188,2877,223,1451,1502
BRA,,2019-10-28T00:00:00Z,2029,2019,188,3519,341,1861,1858
BRA,,2019-10-29T00:00:00Z,2057,2058,208,3521,386,1892,1894
BRA,,2019-10-30T00:00:00Z,2137,2137,189,3663,422,1974,1969
BRA,,2019-10-31T00:00:00Z,2121,2142,200,3641,422,1955,1971
BRA,,2019-11-01T00:00:00Z,2162,2190,206,3647,499,2000,2023
BRA,,2019-11-02T00:00:00Z,1727,1672,195,2992,212,1561,1502
BRA,,2019-11-03T00:00:00Z,1649,1689,190,2880,268,1473,1520
BRA,,2019-11-04T00:00:00Z,2048,2033,194,3542,345,1883,1870
BRA,,2019-11-05T00:00:00Z,2026,2045,209,3493,369,1861,1882
BRA,,2019-11-06T00:00:00Z,2228,2221,215,3730,504,2062,2059
BRA,,2019-11-07T00:00:00Z,2157,2169,200,3668,458,1987,1994
BRA,,2019-11-08T00:00:00Z,2168,2189,194,3715,448,2004,2024
BRA,,2019-11-09T00:00:00Z,1842,1780,206,3180,236,1677,1599
BRA,,2019-11-10T00:00:00Z,1722,1751,197,2976,300,1540,1585
BRA,,2019-11-11T00:00:00Z,2036,2065,180,3503,418,1871,1906
BRA,,2019-11-12T00:00:00Z,2161,2141,217,3670,415,1987,1984
BRA,,2019-11-13T00:00:00Z,2161,2169,208,3677,445,1988,1998
BRA,,2019-11-14T00:00:00Z,2209,2290,210,3739,550,2040,2088
BRA,,2019-11-15T00:00:00Z,2107,2076,217,3591,375,1936,1891
BRA,,2019-11-16T00:00:00Z,1493,1470,194,2536,233,1331,1295
BRA,,2019-11-17T00:00:00Z,1780,1844,194,2958,472,1583,1673
BRA,,2019-11-18T00:00:00Z,2038,2031,191,3422,456,1861,1857
BRA,,2019-11-19T00:00:00Z,2013,2010,218,3295,510,1839,1837
BRA,,2019-11-20T00:00:00Z,2057,2087,190,3504,450,1900,1923
BRA,,2019-11-21T00:00:00Z,2191,2196,197,3592,598,2017,2017
BRA,,2019-11-22T00:00:00Z,2140,2164,200,3565,539,1960,1977
BRA,,2019-11-23T00:00:00Z,1873,1831,201,3241,262,1693,1647
BRA,,2019-11-24T00:00:00Z,1766,1814,190,3057,333,1567,1632
BRA,,2019-11-25T00:00:00Z,2161,2152,207,3722,384,1977,1974
BRA,,2019-11-26T00:00:00Z,2162,2149,210,3645,456,1988,1980
BRA,,2019-11-27T00:00:00Z,2048,2045,188,3549,356,1894,1891
BRA,,2019-11-28T00:00:00Z,2245,2225,206,3763,501,2084,2065
BRA,,2019-11-29T00:00:00Z,2298,2330,187,3844,597,2134,2169
BRA,,2019-11-30T00:00:00Z,1887,1865,197,3279,276,1726,1686
BRA,,2019-12-01T00:00:00Z,1720,1755,203,3033,239,1537,1584
BRA,,2019-12-02T00:00:00Z,2204,2199,195,3782,426,2028,2019
BRA,,2019-12-03T00:00:00Z,2226,2228,213,3764,477,2043,2054
BRA,,2019-12-04T00:00:00Z,2203,2218,193,3755,473,2034,2047
BRA,,2019-12-05T00:00:00Z,2200,2207,210,3696,501,2016,2019
BRA,,2019-12-06T00:00:00Z,2293,2316,201,3921,487,2125,2143
BRA,,2019-12-07T00:00:00Z,1950,1908,210,3350,298,1766,1714
BRA,,2019-12-08T00:00:00Z,1738,1776,202,3066,246,1552,1598
BRA,,2019-12-09T00:00:00Z,2203,2187,202,3767,421,2017,1997
BRA,,2019-12-10T00:00:00Z,2185,2179,216,3718,430,2000,2011
BRA,,2019-12-11T00:00:00Z,2205,2223,194,3728,506,2040,2050
BRA,,2019-12-12T00:00:00Z,2310,2343,221,3886,546,2120,2145
BRA,,2019-12-13T00:00:00Z,2271,2288,210,3849,500,2088,2106
BRA,,2019-12-14T00:00:00Z,1975,1914,212,3381,296,1785,1714
BRA,,2019-12-15T00:00:00Z,1798,1855,209,3163,281,1602,1666
BRA,,2019-12-16T00:00:00Z,2234,2225,197,3849,413,2040,2037
BRA,,2019-12-17T00:00:00Z,2227,2230,226,3774,457,2030,2034
BRA,,2019-12-18T00:00:00Z,2268,2292,210,3848,502,2084,2111
BRA,,2019-12-19T00:00:00Z,2378,2350,218,3933,577,2183,2157
BRA,,2019-12-20T00:00:00Z,2346,2378,205,3945,574,2157,2195
BRA,,2019-12-21T00:00:00Z,2034,1998,217,3500,315,1832,1782
BRA,,2019-12-22T00:00:00Z,1812,1838,207,3188,255,1607,1645
BRA,,2019-12-23T00:00:00Z,2155,2121,207,3706,363,1960,1929
BRA,,2019-12-24T00:00:00Z,1978,1926,215,3463,226,1787,1740
BRA,,2019-12-25T00:00:00Z,1507,1576,170,2745,168,1348,1414
BRA,,2019-12-26T00:00:00Z,2219,2224,212,3689,542,2021,2023
BRA,,2019-12-27T00:00:00Z,2252,2272,196,3779,549,2062,2078
BRA,,2019-12-28T00:00:00Z,1997,2013,201,3422,387,1799,1800
BRA,,2019-12-29T00:00:00Z,1738,1755,188,3081,224,1539,1572
BRA,,2019-12-30T00:00:00Z,2054,2048,198,3542,362,1866,1852
BRA,,2019-12-31T00:00:00Z,1897,1842,205,3315,219,1706,1652
BRA,,2020-01-01T00:00:00Z,1504,1569,172,2722,179,1337,1399
BRA,,2020-01-02T00:00:00Z,2097,2110,192,3622,393,1899,1911
BRA,,2020-01-03T00:00:00Z,2258,2242,195,3907,398,2054,2033
BRA,,2020-01-04T00:00:00Z,1939,1930,216,3387,266,1723,1706
BRA,,2020-01-05T00:00:00Z,1874,1897,198,3265,308,1660,1690
BRA,,2020-01-06T00:00:00Z,2172,2196,218,3821,329,1962,1990
BRA,,2020-01-07T00:00:00Z,2182,2196,223,3859,296,1985,1998
BRA,,2020-01-08T00:00:00Z,2162,2175,198,3817,322,1971,1991
BRA,,2020-01-09T00:00:00Z,2251,2248,221,3927,351,2045,2034
BRA,,2020-01-10T00:00:00Z,2262,2289,206,3969,376,2057,2082
BRA,,2020-01-11T00:00:00Z,1926,1879,219,3388,198,1716,1658
BRA,,2020-01-12T00:00:00Z,1817,1853,191,3199,280,1604,1652
BRA,,2020-01-13T00:00:00Z,2166,2151,204,3773,340,1964,1955
BRA,,2020-01-14T00:00:00Z,2238,2234,232,3882,358,2034,2032
BRA,,2020-01-15T00:00:00Z,2188,2215,207,3836,360,1996,2027
BRA,,2020-01-16T00:00:00Z,2227,2209,227,3842,367,2019,2006
BRA,,2020-01-17T00:00:00Z,2244,2247,209,3895,387,2045,2045
BRA,,2020-01-18T00:00:00Z,1949,1934,222,3404,257,1737,1709
BRA,,2020-01-19T00:00:00Z,1798,1818,193,3194,229,1584,1619
BRA,,2020-01-20T00:00:00Z,2195,2185,216,3777,387,1991,1982
BRA,,2020-01-21T00:00:00Z,2233,2224,219,3884,354,2030,2028
BRA,,2020-01-22T00:00:00Z,2135,2158,196,3795,302,1954,1970
BRA,,2020-01-23T00:00:00Z,2226,2210,220,3860,356,2028,2002
BRA,,2020-01-24T00:00:00Z,2198,2222,210,3881,329,1998,2015
BRA,,2020-01-25T00:00:00Z,1920,1881,214,3358,229,1707,1667
BRA,,2020-01-26T00:00:00Z,1786,1805,193,3196,202,1579,1612
BRA,,2020-01-27T00:00:00Z,2215,2208,203,3833,387,2011,2012
BRA,,2020-01-28T00:00:00Z,2238,2221,225,3850,384,2032,2019
BRA,,2020-01-29T00:00:00Z,2248,2261,201,3858,450,2059,2072
BRA,,2020-01-30T00:00:00Z,2260,2264,215,3894,415,2053,2049
BRA,,2020-01-31T00:00:00Z,2245,2288,214,3910,409,2049,2086
BRA,,2020-02-01T00:00:00Z,1876,1825,212,3283,206,1672,1612
BRA,,2020-02-02T00:00:00Z,1722,1776,188,3096,214,1520,1577
BRA,,2020-02-03T00:00:00Z,2201,2155,206,3775,375,1994,1963
BRA,,2020-02-04T00:00:00Z,2184,2166,226,3830,294,1987,1974
BRA,,2020-02-05T00:00:00Z,2126,2128,193,3686,375,1944,1945
BRA,,2020-02-06T00:00:00Z,2256,2259,224,3874,417,2062,2061
BRA,,2020-02-07T00:00:00Z,2250,2288,210,3906,422,2059,2088
BRA,,2020-02-08T00:00:00Z,1876,1815,205,3268,218,1673,1604
BRA,,2020-02-09T00:00:00Z,1770,1816,192,3162,232,1570,1627
BRA,,2020-02-10T00:00:00Z,2032,2030,197,3525,340,1844,1847
BRA,,2020-02-11T00:00:00Z,2145,2160,225,3718,362,1951,1974
BRA,,2020-02-12T00:00:00Z,2214,2211,209,3813,403,2034,2032
BRA,,2020-02-13T00:00:00Z,2274,2278,216,3818,518,2083,2076
BRA,,2020-02-14T00:00:00Z,2268,2290,207,3870,481,2075,2094
BRA,,2020-02-15T00:00:00Z,1861,1826,208,3231,248,1666,1615
BRA,,2020-02-16T00:00:00Z,1777,1815,197,3131,264,1575,1625
BRA,,2020-02-17T00:00:00Z,2188,2170,191,3789,378,2000,1986
BRA,,2020-02-18T00:00:00Z,2181,2179,220,3722,418,1993,1998
BRA,,2020-02-19T00:00:00Z,2213,2214,200,3800,427,2026,2025
BRA,,2020-02-20T00:00:00Z,2309,2307,231,3906,479,2104,2093
BRA,,2020-02-21T00:00:00Z,2356,2404,218,3962,580,2153,2179
BRA,,2020-02-22T00:00:00Z,1955,1926,220,3277,384,1746,1693
BRA,,2020-02-23T00:00:00Z,1326,1317,193,2233,217,1131,1127
BRA,,2020-02-24T00:00:00Z,1464,1472,209,2438,289,1273,1282
BRA,,2020-02-25T00:00:00Z,1636,1681,207,2811,299,1444,1495
BRA,,2020-02-26T00:00:00Z,2128,2165,184,3677,432,1944,1983
BRA,,2020-02-27T00:00:00Z,2141,2090,225,3645,361,1940,1890
BRA,,2020-02-28T00:00:00Z,2049,2072,205,3490,426,1852,1866
BRA,,2020-02-29T00:00:00Z,1772,1714,224,3045,217,1554,1498
BRA,,2020-03-01T00:00:00Z,1766,1846,204,3146,262,1531,1637
BRA,,2020-03-02T00:00:00Z,2169,2133,205,3747,350,1956,1931
BRA,,2020-03-03T00:00:00Z,2153,2151,212,3705,387,1961,1964
BRA,,2020-03-04T00:00:00Z,2150,2135,188,3642,455,1977,1964
BRA,,2020-03-05T00:00:00Z,2184,2207,204,3709,478,1993,2013
BRA,,2020-03-06T00:00:00Z,2200,2211,210,3763,438,2014,2025
BRA,,2020-03-07T00:00:00Z,1818,1788,214,3145,247,1633,1589
BRA,,2020-03-08T00:00:00Z,1734,1782,187,3081,248,1544,1605
BRA,,2020-03-09T00:00:00Z,2150,2118,204,3649,415,1957,1926
BRA,,2020-03-10T00:00:00Z,2165,2157,213,3628,481,1982,1973
BRA,,2020-03-11T00:00:00Z,2134,2166,182,3647,471,1965,2000
BRA,,2020-03-12T00:00:00Z,2188,2202,220,3672,498,2000,2008
BRA,,2020-03-13T00:00:00Z,2181,2206,196,3715,476,2000,2022
BRA,,2020-03-14T00:00:00Z,1795,1759,203,3120,231,1615,1570
BRA,,2020-03-15T00:00:00Z,1639,1674,191,2910,212,1451,1495
BRA,,2020-03-16T00:00:00Z,1929,1893,197,3306,319,1744,1720
BRA,,2020-03-17T00:00:00Z,1745,1764,195,2984,330,1583,1600
BRA,,2020-03-18T00:00:00Z,1463,1474,168,2495,274,1318,1327
BRA,,2020-03-19T00:00:00Z,1456,1451,168,2491,248,1312,1305
BRA,,2020-03-20T00:00:00Z,1426,1422,157,2455,236,1292,1289
BRA,,2020-03-21T00:00:00Z,1206,1169,164,2087,124,1081,1044
BRA,,2020-03-22T00:00:00Z,807,797,142,1382,80,708,700
BRA,,2020-03-23T00:00:00Z,781,768,127,1259,163,704,695
BRA,,2020-03-24T00:00:00Z,540,526,124,817,125,483,472
BRA,,2020-03-25T00:00:00Z,438,449,96,643,148,389,400
BRA,,2020-03-26T00:00:00Z,428,413,104,582,155,383,365
BRA,,2020-03-27T00:00:00Z,401,424,92,576,157,369,381
BRA,,2020-03-28T00:00:00Z,280,260,94,364,82,237,218
BRA,,2020-03-29T00:00:00Z,170,186,58,246,52,146,158
BRA,,2020-03-30T00:00:00Z,306,290,78,406,112,268,257
BRA,,2020-03-31T00:00:00Z,317,313,79,394,157,292,285
BRA,,2020-04-01T00:00:00Z,284,285,66,342,161,255,258
BRA,,2020-04-02T00:00:00Z,298,297,67,363,165,270,271
BRA,,2020-04-03T00:00:00Z,303,312,57,391,167,281,295
BRA,,2020-04-04T00:00:00Z,199,192,54,222,115,184,174
BRA,,2020-04-05T00:00:00Z,161,161,47,200,75,143,143
BRA,,2020-04-06T00:00:00Z,273,283,55,347,154,256,266
BRA,,2020-04-07T00:00:00Z,285,286,68,338,165,262,267
BRA,,2020-04-08T00:00:00Z,312,297,60,343,206,290,276
BRA,,2020-04-09T00:00:00Z,333,342,60,356,259,308,320
BRA,,2020-04-10T00:00:00Z,209,215,45,260,119,195,196
BRA,,2020-04-11T00:00:00Z,168,162,68,174,88,143,137
BRA,,2020-04-12T00:00:00Z,157,157,42,172,100,138,140
BRA,,2020-04-13T00:00:00Z,263,261,56,325,143,245,240
BRA,,2020-04-14T00:00:00Z,277,286,60,318,185,260,267
BRA,,2020-04-15T00:00:00Z,291,286,58,327,192,271,271
BRA,,2020-04-16T00:00:00Z,290,295,39,344,202,272,277
BRA,,2020-04-17T00:00:00Z,298,306,51,327,226,283,285
BRA,,2020-04-18T00:00:00Z,214,223,59,252,126,188,200
BRA,,2020-04-19T00:00:00Z,153,149,47,163,92,131,130
BRA,,2020-04-20T00:00:00Z,242,240,50,263,169,222,218
BRA,,2020-04-21T00:00:00Z,265,244,58,291,160,238,219
BRA,,2020-04-22T00:00:00Z,304,307,64,316,231,283,284
BRA,,2020-04-23T00:00:00Z,326,354,55,339,286,302,327
BRA,,2020-04-24T00:00:00Z,343,350,56,361,276,327,332
BRA,,2020-04-25T00:00:00Z,230,232,48,249,165,209,210
BRA,,2020-04-26T00:00:00Z,170,168,43,187,108,148,152
BRA,,2020-04-27T00:00:00Z,313,305,61,314,243,289,281
BRA,,2020-04-28T00:00:00Z,357,359,56,368,292,340,340
BRA,,2020-04-29T00:00:00Z,389,389,76,392,310,365,368
BRA,,2020-04-30T00:00:00Z,384,407,52,369,370,361,382
BRA,,2020-05-01T00:00:00Z,266,280,56,260,230,245,259
BRA,,2020-05-02T00:00:00Z,206,205,57,188,166,188,182
BRA,,2020-05-03T00:00:00Z,180,174,50,176,128,158,158
BRA,,2020-05-04T00:00:00Z,357,359,69,360,287,332,335
BRA,,2020-05-05T00:00:00Z,369,369,66,395,277,347,346
BRA,,2020-05-06T00:00:00Z,414,399,65,436,312,392,378
BRA,,2020-05-07T00:00:00Z,421,414,67,417,351,398,390
BRA,,2020-05-08T00:00:00Z,415,437,59,463,330,396,413
BRA,,2020-05-09T00:00:00Z,275,269,56,305,183,252,244
BRA,,2020-05-10T00:00:00Z,185,182,43,189,135,160,164
BRA,,2020-05-11T00:00:00Z,349,355,74,392,238,327,325
BRA,,2020-05-12T00:00:00Z,442,433,73,476,326,417,406
BRA,,2020-05-13T00:00:00Z,388,392,91,424,265,350,361
BRA,,2020-05-14T00:00:00Z,391,403,75,415,304,365,378
BRA,,2020-05-15T00:00:00Z,375,381,58,442,256,357,361
BRA,,2020-05-16T00:00:00Z,258,253,52,308,151,234,233
BRA,,2020-05-17T00:00:00Z,204,207,45,211,155,182,183
BRA,,2020-05-18T00:00:00Z,347,349,57,388,251,326,322
BRA,,2020-05-19T00:00:00Z,398,391,72,426,291,370,369
BRA,,2020-05-20T00:00:00Z,400,411,89,417,305,373,382
BRA,,2020-05-21T00:00:00Z,375,383,67,424,267,348,360
BRA,,2020-05-22T00:00:00Z,398,409,85,464,258,368,375
BRA,,2020-05-23T00:00:00Z,252,248,59,311,130,230,224
BRA,,2020-05-24T00:00:00Z,207,191,63,206,129,175,169
BRA,,2020-05-25T00:00:00Z,361,386,59,466,222,337,356
BRA,,2020-05-26T00:00:00Z,404,395,80,479,240,374,367
BRA,,2020-05-27T00:00:00Z,424,435,91,457,311,394,402
BRA,,2020-05-28T00:00:00Z,432,414,77,487,282,404,388
BRA,,2020-05-29T00:00:00Z,453,450,78,498,327,427,423
BRA,,2020-05-30T00:00:00Z,295,304,49,346,204,273,282
BRA,,2020-05-31T00:00:00Z,213,198,51,214,146,193,182
BRA,,2020-06-01T00:00:00Z,380,394,69,447,258,355,369
BRA,,2020-06-02T00:00:00Z,408,398,90,429,287,379,369
BRA,,2020-06-03T00:00:00Z,449,445,100,442,352,417,414
BRA,,2020-06-04T00:00:00Z,453,482,80,501,354,420,454
BRA,,2020-06-05T00:00:00Z,482,486,88,590,290,456,450
BRA,,2020-06-06T00:00:00Z,285,292,56,360,161,270,269
BRA,,2020-06-07T00:00:00Z,222,220,55,237,150,190,202
BRA,,2020-06-08T00:00:00Z,405,411,73,475,268,373,378
BRA,,2020-06-09T00:00:00Z,432,421,83,516,254,405,397
BRA,,2020-06-10T00:00:00Z,505,515,89,624,307,476,485
BRA,,2020-06-11T00:00:00Z,454,445,79,572,248,423,418
BRA,,2020-06-12T00:00:00Z,309,322,90,331,210,281,293
BRA,,2020-06-13T00:00:00Z,239,236,56,274,145,221,216
BRA,,2020-06-14T00:00:00Z,273,270,69,319,155,242,246
BRA,,2020-06-15T00:00:00Z,530,544,65,778,231,502,516
BRA,,2020-06-16T00:00:00Z,479,474,87,618,248,450,447
BRA,,2020-06-17T00:00:00Z,545,552,81,682,334,515,520
BRA,,2020-06-18T00:00:00Z,537,545,72,711,299,510,513
BRA,,2020-06-19T00:00:00Z,589,609,75,798,325,561,582
BRA,,2020-06-20T00:00:00Z,299,284,60,342,181,277,258
BRA,,2020-06-21T00:00:00Z,324,343,69,410,188,298,316
BRA,,2020-06-22T00:00:00Z,503,490,56,710,227,475,466
BRA,,2020-06-23T00:00:00Z,514,499,83,629,301,487,473
BRA,,2020-06-24T00:00:00Z,534,543,90,653,334,502,516
BRA,,2020-06-25T00:00:00Z,532,531,81,674,308,504,503
BRA,,2020-06-26T00:00:00Z,599,620,83,784,352,573,588
BRA,,2020-06-27T00:00:00Z,342,311,65,419,169,318,283
BRA,,2020-06-28T00:00:00Z,348,366,68,471,175,317,336
BRA,,2020-06-29T00:00:00Z,572,583,64,800,291,541,558
BRA,,2020-06-30T00:00:00Z,517,506,83,674,266,492,477
BRA,,2020-07-01T00:00:00Z,589,611,98,834,268,554,581
BRA,,2020-07-02T00:00:00Z,635,643,77,890,311,604,612
BRA,,2020-07-03T00:00:00Z,689,686,83,954,338,662,658
BRA,,2020-07-04T00:00:00Z,370,364,60,492,182,345,337
BRA,,2020-07-05T00:00:00Z,343,359,61,480,161,317,330
BRA,,2020-07-06T00:00:00Z,602,584,65,911,210,569,561
BRA,,2020-07-07T00:00:00Z,542,540,82,775,225,510,509
BRA,,2020-07-08T00:00:00Z,598,616,104,794,316,565,583
BRA,,2020-07-09T00:00:00Z,617,609,78,816,332,589,579
BRA,,2020-07-10T00:00:00Z,703,730,83,996,354,673,697
BRA,,2020-07-11T00:00:00Z,373,374,70,496,181,346,348
BRA,,2020-07-12T00:00:00Z,373,381,59,528,167,351,357
BRA,,2020-07-13T00:00:00Z,645,634,66,993,220,614,607
BRA,,2020-07-14T00:00:00Z,561,541,82,776,244,530,515
BRA,,2020-07-15T00:00:00Z,626,633,93,862,304,595,596
BRA,,2020-07-16T00:00:00Z,629,643,87,907,278,599,616
BRA,,2020-07-17T00:00:00Z,688,720,95,1017,296,649,685
BRA,,2020-07-18T00:00:00Z,440,421,89,560,212,415,392
BRA,,2020-07-19T00:00:00Z,399,407,53,573,180,371,384
BRA,,2020-07-20T00:00:00Z,681,678,86,1024,249,648,646
BRA,,2020-07-21T00:00:00Z,658,647,92,913,300,629,615
BRA,,2020-07-22T00:00:00Z,626,635,105,861,295,592,603
BRA,,2020-07-23T00:00:00Z,664,685,90,931,328,638,656
BRA,,2020-07-24T00:00:00Z,725,755,89,1053,338,697,724
BRA,,2020-07-25T00:00:00Z,441,436,94,521,262,409,402
BRA,,2020-07-26T00:00:00Z,433,435,59,624,185,404,409
BRA,,2020-07-27T00:00:00Z,673,660,79,1025,229,643,630
BRA,,2020-07-28T00:00:00Z,638,622,89,892,279,604,595
BRA,,2020-07-29T00:00:00Z,648,649,107,892,298,617,615
BRA,,2020-07-30T00:00:00Z,678,668,84,917,345,652,645
BRA,,2020-07-31T00:00:00Z,764,811,79,1128,368,733,775
BRA,,2020-08-01T00:00:00Z,447,435,86,567,229,418,406
BRA,,2020-08-02T00:00:00Z,457,470,60,659,208,428,441
BRA,,2020-08-03T00:00:00Z,779,781,81,1174,305,743,752
BRA,,2020-08-04T00:00:00Z,759,747,106,1087,313,725,707
BRA,,2020-08-05T00:00:00Z,748,739,107,1019,361,709,700
BRA,,2020-08-06T00:00:00Z,800,821,103,1106,412,761,789
BRA,,2020-08-07T00:00:00Z,830,851,91,1225,365,796,815
BRA,,2020-08-08T00:00:00Z,460,439,104,611,184,425,397
BRA,,2020-08-09T00:00:00Z,448,453,59,656,186,422,427
BRA,,2020-08-10T00:00:00Z,797,816,79,1225,309,760,789
BRA,,2020-08-11T00:00:00Z,754,731,101,1057,327,722,700
BRA,,2020-08-12T00:00:00Z,714,724,112,1038,288,678,690
BRA,,2020-08-13T00:00:00Z,757,781,101,1100,337,721,749
BRA,,2020-08-14T00:00:00Z,829,840,79,1235,355,802,810
BRA,,2020-08-15T00:00:00Z,545,553,81,779,238,512,517
BRA,,2020-08-16T00:00:00Z,550,545,85,828,182,518,514
BRA,,2020-08-17T00:00:00Z,760,760,75,1224,221,727,734
BRA,,2020-08-18T00:00:00Z,795,785,94,1171,315,761,750
BRA,,2020-08-19T00:00:00Z,767,777,108,1151,285,733,740
BRA,,2020-08-20T00:00:00Z,757,777,98,1161,275,721,747
BRA,,2020-08-21T00:00:00Z,875,865,84,1307,349,843,830
BRA,,2020-08-22T00:00:00Z,574,584,94,840,224,541,549
BRA,,2020-08-23T00:00:00Z,516,527,80,805,158,484,495
BRA,,2020-08-24T00:00:00Z,787,794,82,1224,275,753,770
BRA,,2020-08-25T00:00:00Z,845,822,102,1185,380,809,789
BRA,,2020-08-26T00:00:00Z,829,835,102,1159,403,794,803
BRA,,2020-08-27T00:00:00Z,818,829,103,1181,363,777,792
BRA,,2020-08-28T00:00:00Z,910,930,90,1327,423,878,892
BRA,,2020-08-29T00:00:00Z,568,565,95,787,251,537,532
BRA,,2020-08-30T00:00:00Z,565,546,85,802,224,534,519
BRA,,2020-08-31T00:00:00Z,819,810,88,1254,287,782,780
BRA,,2020-09-01T00:00:00Z,865,866,120,1266,345,829,829
BRA,,2020-09-02T00:00:00Z,911,896,132,1321,354,867,856
BRA,,2020-09-03T00:00:00Z,968,977,123,1391,431,928,938
BRA,,2020-09-04T00:00:00Z,1105,1144,124,1597,528,1068,1098
BRA,,2020-09-05T00:00:00Z,686,695,118,1041,222,650,653
BRA,,2020-09-06T00:00:00Z,449,434,91,659,133,414,405
BRA,,2020-09-07T00:00:00Z,850,836,93,1333,260,814,804
BRA,,2020-09-08T00:00:00Z,993,989,117,1511,354,954,952
BRA,,2020-09-09T00:00:00Z,942,948,117,1427,346,906,915
BRA,,2020-09-10T00:00:00Z,926,956,121,1403,358,885,923
BRA,,2020-09-11T00:00:00Z,987,992,118,1472,389,953,957
BRA,,2020-09-12T00:00:00Z,617,648,115,898,252,579,609
BRA,,2020-09-13T00:00:00Z,629,589,93,885,240,598,559
BRA,,2020-09-14T00:00:00Z,935,933,106,1503,259,893,895
BRA,,2020-09-15T00:00:00Z,954,956,131,1466,313,914,915
BRA,,2020-09-16T00:00:00Z,962,973,141,1441,353,916,931
BRA,,2020-09-17T00:00:00Z,975,983,121,1458,379,936,946
BRA,,2020-09-18T00:00:00Z,1020,1018,120,1508,410,987,982
BRA,,2020-09-19T00:00:00Z,630,645,118,934,223,593,608
BRA,,2020-09-20T00:00:00Z,678,663,93,1004,244,644,629
BRA,,2020-09-21T00:00:00Z,930,945,103,1500,272,892,910
BRA,,2020-09-22T00:00:00Z,932,911,132,1411,300,893,873
BRA,,2020-09-23T00:00:00Z,960,961,137,1415,369,919,921
BRA,,2020-09-24T00:00:00Z,992,1006,126,1503,369,946,966
BRA,,2020-09-25T00:00:00Z,1051,1082,117,1627,389,1012,1037
BRA,,2020-09-26T00:00:00Z,655,658,127,923,263,616,621
BRA,,2020-09-27T00:00:00Z,671,660,103,984,244,638,625
BRA,,2020-09-28T00:00:00Z,947,954,96,1502,303,908,915
BRA,,2020-09-29T00:00:00Z,952,931,124,1425,334,910,892
BRA,,2020-09-30T00:00:00Z,975,996,140,1471,360,929,955
BRA,,2020-10-01T00:00:00Z,1085,1098,121,1678,384,1043,1056
BRA,,2020-10-02T00:00:00Z,1134,1153,122,1823,342,1092,1105
BRA,,2020-10-03T00:00:00Z,789,768,122,1252,183,751,727
BRA,,2020-10-04T00:00:00Z,687,681,97,1078,193,651,640
BRA,,2020-10-05T00:00:00Z,1109,1122,96,1822,313,1070,1084
BRA,,2020-10-06T00:00:00Z,1144,1129,125,1775,373,1102,1089
BRA,,2020-10-07T00:00:00Z,1149,1168,131,1802,384,1101,1126
BRA,,2020-10-08T00:00:00Z,1237,1253,116,1951,423,1191,1212
BRA,,2020-10-09T00:00:00Z,1307,1337,115,2141,388,1261,1284
BRA,,2020-10-10T00:00:00Z,960,937,124,1474,299,917,887
BRA,,2020-10-11T00:00:00Z,548,570,97,863,158,513,533
BRA,,2020-10-12T00:00:00Z,1006,1003,98,1610,301,963,962
BRA,,2020-10-13T00:00:00Z,1250,1256,127,1996,383,1200,1217
BRA,,2020-10-14T00:00:00Z,1229,1240,133,1975,361,1181,1189
BRA,,2020-10-15T00:00:00Z,1238,1244,124,1998,360,1191,1202
BRA,,2020-10-16T00:00:00Z,1237,1255,112,2022,358,1191,1211
BRA,,2020-10-17T00:00:00Z,936,929,116,1481,268,884,879
BRA,,2020-10-18T00:00:00Z,795,775,107,1245,218,755,735
BRA,,2020-10-19T00:00:00Z,1210,1218,121,1997,310,1156,1170
BRA,,2020-10-20T00:00:00Z,1200,1175,127,1894,354,1149,1125
BRA,,2020-10-21T00:00:00Z,1184,1185,140,1841,388,1134,1135
BRA,,2020-10-22T00:00:00Z,1175,1214,114,1907,368,1125,1169
BRA,,2020-10-23T00:00:00Z,1255,1275,131,2004,395,1202,1219
BRA,,2020-10-24T00:00:00Z,894,866,131,1408,221,847,818
BRA,,2020-10-25T00:00:00Z,767,757,100,1203,221,730,715
BRA,,2020-10-26T00:00:00Z,1143,1159,114,1916,272,1086,1113
BRA,,2020-10-27T00:00:00Z,1148,1153,123,1854,324,1097,1104
BRA,,2020-10-28T00:00:00Z,1189,1206,132,1883,380,1139,1151
BRA,,2020-10-29T00:00:00Z,1259,1258,128,1991,398,1203,1214
BRA,,2020-10-30T00:00:00Z,1292,1337,123,2104,402,1242,1272
BRA,,2020-10-31T00:00:00Z,992,980,124,1606,242,938,928
BRA,,2020-11-01T00:00:00Z,687,695,104,1111,167,640,644
BRA,,2020-11-02T00:00:00Z,1085,1069,119,1763,272,1025,1019
BRA,,2020-11-03T00:00:00Z,1352,1346,128,2220,350,1297,1297
BRA,,2020-11-04T00:00:00Z,1342,1360,140,2201,361,1289,1306
BRA,,2020-11-05T00:00:00Z,1304,1306,128,2142,340,1250,1259
BRA,,2020-11-06T00:00:00Z,1349,1384,132,2251,350,1298,1323
BRA,,2020-11-07T00:00:00Z,1046,1027,127,1683,263,997,979
BRA,,2020-11-08T00:00:00Z,863,850,96,1390,227,805,797
BRA,,2020-11-09T00:00:00Z,1278,1290,116,2172,280,1223,1238
BRA,,2020-11-10T00:00:00Z,1290,1275,138,2087,340,1240,1227
BRA,,2020-11-11T00:00:00Z,1300,1310,137,2093,380,1252,1250
BRA,,2020-11-12T00:00:00Z,1298,1315,129,2144,340,1239,1264
BRA,,2020-11-13T00:00:00Z,1402,1405,144,2291,372,1342,1343
BRA,,2020-11-14T00:00:00Z,1033,1014,128,1693,226,978,959
BRA,,2020-11-15T00:00:00Z,866,879,109,1427,209,810,825
BRA,,2020-11-16T00:00:00Z,1307,1304,119,2179,313,1250,1247
BRA,,2020-11-17T00:00:00Z,1313,1298,139,2111,361,1261,1246
BRA,,2020-11-18T00:00:00Z,1299,1290,139,2065,385,1243,1236
BRA,,2020-11-19T00:00:00Z,1395,1396,147,2228,416,1324,1340
BRA,,2020-11-20T00:00:00Z,1338,1362,135,2202,363,1284,1298
BRA,,2020-11-21T00:00:00Z,1039,1022,135,1671,255,981,967
BRA,,2020-11-22T00:00:00Z,895,909,110,1442,252,845,850
BRA,,2020-11-23T00:00:00Z,1361,1356,121,2214,382,1297,1300
BRA,,2020-11-24T00:00:00Z,1342,1348,145,2148,397,1284,1286
BRA,,2020-11-25T00:00:00Z,1319,1336,131,2120,404,1268,1281
BRA,,2020-11-26T00:00:00Z,1400,1417,151,2205,461,1336,1360
BRA,,2020-11-27T00:00:00Z,1453,1463,133,2309,474,1400,1404
BRA,,2020-11-28T00:00:00Z,1046,1040,134,1701,251,986,981
BRA,,2020-11-29T00:00:00Z,897,891,110,1438,240,845,836
BRA,,2020-11-30T00:00:00Z,1328,1319,115,2218,314,1262,1262
BRA,,2020-12-01T00:00:00Z,1424,1419,144,2299,400,1365,1365
BRA,,2020-12-02T00:00:00Z,1406,1423,152,2248,429,1351,1364
BRA,,2020-12-03T00:00:00Z,1489,1473,160,2369,433,1423,1411
BRA,,2020-12-04T00:00:00Z,1511,1536,162,2437,448,1451,1466
BRA,,2020-12-05T00:00:00Z,1161,1144,173,1901,231,1093,1078
BRA,,2020-12-06T00:00:00Z,953,942,139,1549,207,893,883
BRA,,2020-12-07T00:00:00Z,1366,1408,151,2287,336,1297,1340
BRA,,2020-12-08T00:00:00Z,1452,1433,174,2322,389,1373,1358
BRA,,2020-12-09T00:00:00Z,1427,1417,173,2304,367,1366,1357
BRA,,2020-12-10T00:00:00Z,1505,1525,166,2425,439,1437,1460
BRA,,2020-12-11T00:00:00Z,1512,1542,151,2459,444,1449,1476
BRA,,2020-12-12T00:00:00Z,1220,1192,178,1974,260,1142,1117
BRA,,2020-12-13T00:00:00Z,981,991,144,1581,247,921,929
BRA,,2020-12-14T00:00:00Z,1478,1463,163,2404,374,1399,1395
BRA,,2020-12-15T00:00:00Z,1477,1484,169,2385,407,1414,1412
BRA,,2020-12-16T00:00:00Z,1476,1494,171,2358,441,1406,1431
BRA,,2020-12-17T00:00:00Z,1582,1573,171,2518,466,1504,1494
BRA,,2020-12-18T00:00:00Z,1610,1624,151,2582,501,1537,1551
BRA,,2020-12-19T00:00:00Z,1446,1434,170,2387,323,1366,1356
BRA,,2020-12-20T00:00:00Z,1208,1215,154,2006,263,1133,1138
BRA,,2020-12-21T00:00:00Z,1510,1497,149,2452,406,1437,1428
BRA,,2020-12-22T00:00:00Z,1596,1603,176,2557,466,1529,1534
BRA,,2020-12-23T00:00:00Z,1601,1592,173,2559,461,1526,1518
BRA,,2020-12-24T00:00:00Z,1331,1290,153,2227,241,1265,1221
BRA,,2020-12-25T00:00:00Z,886,911,120,1504,173,832,858
BRA,,2020-12-26T00:00:00Z,1422,1452,152,2310,412,1356,1382
BRA,,2020-12-27T00:00:00Z,1270,1261,123,2061,347,1207,1197
BRA,,2020-12-28T00:00:00Z,1452,1439,121,2397,373,1392,1385
BRA,,2020-12-29T00:00:00Z,1502,1534,146,2469,421,1445,1466
BRA,,2020-12-30T00:00:00Z,1479,1480,141,2434,384,1426,1433
BRA,,2020-12-31T00:00:00Z,1218,1172,144,2020,226,1154,1114
BRA,,2021-01-01T00:00:00Z,821,860,110,1431,140,772,803
BRA,,2021-01-02T00:00:00Z,1279,1269,108,2249,191,1216,1212
BRA,,2021-01-03T00:00:00Z,1326,1335,109,2199,353,1263,1264
BRA,,2021-01-04T00:00:00Z,1589,1614,145,2630,428,1514,1546
BRA,,2021-01-05T00:00:00Z,1615,1617,156,2675,401,1551,1544
BRA,,2021-01-06T00:00:00Z,1559,1580,149,2632,358,1487,1506
BRA,,2021-01-07T00:00:00Z,1564,1573,156,2617,364,1492,1505
BRA,,2021-01-08T00:00:00Z,1600,1608,144,2655,409,1536,1537
BRA,,2021-01-09T00:00:00Z,1405,1400,157,2403,245,1330,1320
BRA,,2021-01-10T00:00:00Z,1228,1238,140,2054,272,1161,1167
BRA,,2021-01-11T00:00:00Z,1577,1585,141,2627,394,1502,1524
BRA,,2021-01-12T00:00:00Z,1531,1504,163,2556,316,1467,1437
BRA,,2021-01-13T00:00:00Z,1453,1493,151,2451,344,1386,1425
BRA,,2021-01-14T00:00:00Z,1507,1514,145,2481,395,1442,1453
BRA,,2021-01-15T00:00:00Z,1535,1562,147,2577,373,1467,1485
BRA,,2021-01-16T00:00:00Z,1407,1369,153,2341,282,1329,1303
BRA,,2021-01-17T00:00:00Z,1184,1196,132,1999,249,1127,1129
BRA,,2021-01-18T00:00:00Z,1543,1562,142,2560,403,1471,1501
BRA,,2021-01-19T00:00:00Z,1567,1548,167,2529,419,1500,1483
BRA,,2021-01-20T00:00:00Z,1470,1469,140,2397,402,1411,1401
BRA,,2021-01-21T00:00:00Z,1496,1469,157,2403,405,1421,1408
BRA,,2021-01-22T00:00:00Z,1545,1567,152,2523,437,1484,1496
BRA,,2021-01-23T00:00:00Z,1336,1346,162,2255,265,1265,1277
BRA,,2021-01-24T00:00:00Z,1109,1137,114,1890,242,1054,1076
BRA,,2021-01-25T00:00:00Z,1477,1484,137,2451,373,1407,1427
BRA,,2021-01-26T00:00:00Z,1507,1498,160,2422,423,1441,1433
BRA,,2021-01-27T00:00:00Z,1425,1420,141,2303,401,1366,1357
BRA,,2021-01-28T00:00:00Z,1456,1476,149,2329,454,1384,1408
BRA,,2021-01-29T00:00:00Z,1473,1479,140,2384,428,1412,1412
BRA,,2021-01-30T00:00:00Z,1281,1265,140,2137,269,1209,1203
BRA,,2021-01-31T00:00:00Z,1143,1169,116,1895,301,1091,1106
BRA,,2021-02-01T00:00:00Z,1337,1328,125,2225,315,1275,1273
BRA,,2021-02-02T00:00:00Z,1316,1330,127,2202,317,1262,1275
BRA,,2021-02-03T00:00:00Z,1379,1358,140,2223,374,1317,1297
BRA,,2021-02-04T00:00:00Z,1341,1337,142,2169,367,1282,1280
BRA,,2021-02-05T00:00:00Z,1371,1403,139,2219,416,1318,1344
BRA,,2021-02-06T00:00:00Z,1133,1122,139,1904,212,1072,1064
BRA,,2021-02-07T00:00:00Z,1009,1009,112,1667,239,959,958
BRA,,2021-02-08T00:00:00Z,1347,1357,127,2262,315,1291,1306
BRA,,2021-02-09T00:00:00Z,1315,1324,136,2182,321,1261,1269
BRA,,2021-02-10T00:00:00Z,1327,1330,141,2159,357,1269,1273
BRA,,2021-02-11T00:00:00Z,1400,1402,140,2252,410,1341,1344
BRA,,2021-02-12T00:00:00Z,1560,1574,149,2471,514,1504,1507
BRA,,2021-02-13T00:00:00Z,1230,1214,146,2022,276,1167,1149
BRA,,2021-02-14T00:00:00Z,798,787,124,1317,144,743,734
BRA,,2021-02-15T00:00:00Z,889,898,126,1457,204,830,843
BRA,,2021-02-16T00:00:00Z,969,973,123,1581,238,918,920
BRA,,2021-02-17T00:00:00Z,1324,1351,138,2103,434,1275,1296
BRA,,2021-02-18T00:00:00Z,1214,1203,125,1916,376,1154,1152
BRA,,2021-02-19T00:00:00Z,1241,1243,133,1984,367,1186,1179
BRA,,2021-02-20T00:00:00Z,1137,1134,128,1875,268,1077,1079
BRA,,2021-02-21T00:00:00Z,1063,1080,126,1714,303,1006,1021
BRA,,2021-02-22T00:00:00Z,1336,1333,133,2188,348,1273,1274
BRA,,2021-02-23T00:00:00Z,1290,1269,144,2080,335,1237,1217
BRA,,2021-02-24T00:00:00Z,1292,1299,142,2074,375,1241,1242
BRA,,2021-02-25T00:00:00Z,1281,1301,128,2051,403,1227,1247
BRA,,2021-02-26T00:00:00Z,1372,1381,125,2217,411,1324,1325
BRA,,2021-02-27T00:00:00Z,1099,1091,130,1843,217,1040,1037
BRA,,2021-02-28T00:00:00Z,984,998,120,1647,215,934,938
BRA,,2021-03-01T00:00:00Z,340,355,14,602,79,329,346
