date_takeoff,is_domestic,n
2019-01-01,FALSE,353
2019-01-01,TRUE,1423
2019-01-02,FALSE,436
2019-01-02,TRUE,1900
2019-01-03,FALSE,440
2019-01-03,TRUE,1893
2019-01-04,FALSE,418
2019-01-04,TRUE,1857
2019-01-05,FALSE,472
2019-01-05,TRUE,1626
2019-01-06,FALSE,459
2019-01-06,TRUE,1626
2019-01-07,FALSE,426
2019-01-07,TRUE,1924
2019-01-08,FALSE,429
2019-01-08,TRUE,1882
2019-01-09,FALSE,416
2019-01-09,TRUE,1904
2019-01-10,FALSE,396
2019-01-10,TRUE,1781
2019-01-11,FALSE,333
2019-01-11,TRUE,1782
2019-01-12,FALSE,446
2019-01-12,TRUE,1708
2019-01-13,FALSE,439
2019-01-13,TRUE,1643
2019-01-14,FALSE,421
2019-01-14,TRUE,1898
2019-01-15,FALSE,429
2019-01-15,TRUE,1960
2019-01-16,FALSE,375
2019-01-16,TRUE,1679
2019-01-17,FALSE,418
2019-01-17,TRUE,1963
2019-01-18,FALSE,432
2019-01-18,TRUE,1964
2019-01-19,FALSE,453
2019-01-19,TRUE,1672
2019-01-20,FALSE,424
2019-01-20,TRUE,1665
2019-01-21,FALSE,405
2019-01-21,TRUE,1898
2019-01-22,FALSE,412
2019-01-22,TRUE,1944
2019-01-23,FALSE,425
2019-01-23,TRUE,1851
2019-01-24,FALSE,420
2019-01-24,TRUE,1922
2019-01-25,FALSE,418
2019-01-25,TRUE,1892
2019-01-26,FALSE,456
2019-01-26,TRUE,1609
2019-01-27,FALSE,424
2019-01-27,TRUE,1663
2019-01-28,FALSE,242
2019-01-28,TRUE,1235
2019-01-29,FALSE,392
2019-01-29,TRUE,1839
2019-01-30,FALSE,431
2019-01-30,TRUE,1883
2019-01-31,FALSE,441
2019-01-31,TRUE,1963
2019-02-01,FALSE,442
2019-02-01,TRUE,1900
2019-02-02,FALSE,452
2019-02-02,TRUE,1600
2019-02-03,FALSE,423
2019-02-03,TRUE,1569
2019-02-04,FALSE,389
2019-02-04,TRUE,1918
2019-02-05,FALSE,393
2019-02-05,TRUE,1920
2019-02-06,FALSE,397
2019-02-06,TRUE,1865
2019-02-07,FALSE,411
2019-02-07,TRUE,1956
2019-02-08,FALSE,429
2019-02-08,TRUE,2016
2019-02-09,FALSE,438
2019-02-09,TRUE,1635
2019-02-10,FALSE,415
2019-02-10,TRUE,1563
2019-02-11,FALSE,409
2019-02-11,TRUE,1915
2019-02-12,FALSE,385
2019-02-12,TRUE,1894
2019-02-13,FALSE,402
2019-02-13,TRUE,1923
2019-02-14,FALSE,401
2019-02-14,TRUE,1924
2019-02-15,FALSE,411
2019-02-15,TRUE,1905
2019-02-16,FALSE,416
2019-02-16,TRUE,1520
2019-02-17,FALSE,396
2019-02-17,TRUE,1368
2019-02-18,FALSE,389
2019-02-18,TRUE,1846
2019-02-19,FALSE,394
2019-02-19,TRUE,1829
2019-02-20,FALSE,393
2019-02-20,TRUE,1803
2019-02-21,FALSE,423
2019-02-21,TRUE,1880
2019-02-22,FALSE,388
2019-02-22,TRUE,1838
2019-02-23,FALSE,417
2019-02-23,TRUE,1570
2019-02-24,FALSE,415
2019-02-24,TRUE,1439
2019-02-25,FALSE,378
2019-02-25,TRUE,1804
2019-02-26,FALSE,372
2019-02-26,TRUE,1830
2019-02-27,FALSE,402
2019-02-27,TRUE,1890
2019-02-28,FALSE,445
2019-02-28,TRUE,1895
2019-03-01,FALSE,462
2019-03-01,TRUE,2066
2019-03-02,FALSE,458
2019-03-02,TRUE,1750
2019-03-03,FALSE,388
2019-03-03,TRUE,1078
2019-03-04,FALSE,370
2019-03-04,TRUE,1121
2019-03-05,FALSE,387
2019-03-05,TRUE,1385
2019-03-06,FALSE,387
2019-03-06,TRUE,1946
2019-03-07,FALSE,432
2019-03-07,TRUE,1827
2019-03-08,FALSE,406
2019-03-08,TRUE,1754
2019-03-09,FALSE,422
2019-03-09,TRUE,1597
2019-03-10,FALSE,433
2019-03-10,TRUE,1605
2019-03-11,FALSE,399
2019-03-11,TRUE,1910
2019-03-12,FALSE,381
2019-03-12,TRUE,1909
2019-03-13,FALSE,375
2019-03-13,TRUE,1953
2019-03-14,FALSE,411
2019-03-14,TRUE,1887
2019-03-15,FALSE,398
2019-03-15,TRUE,1991
2019-03-16,FALSE,407
2019-03-16,TRUE,1625
2019-03-17,FALSE,402
2019-03-17,TRUE,1521
2019-03-18,FALSE,375
2019-03-18,TRUE,1869
2019-03-19,FALSE,374
2019-03-19,TRUE,1847
2019-03-20,FALSE,368
2019-03-20,TRUE,1875
2019-03-21,FALSE,380
2019-03-21,TRUE,1871
2019-03-22,FALSE,378
2019-03-22,TRUE,1999
2019-03-23,FALSE,402
2019-03-23,TRUE,1607
2019-03-24,FALSE,401
2019-03-24,TRUE,1504
2019-03-25,FALSE,274
2019-03-25,TRUE,1457
2019-03-26,FALSE,278
2019-03-26,TRUE,1545
2019-03-27,FALSE,360
2019-03-27,TRUE,1900
2019-03-28,FALSE,384
2019-03-28,TRUE,1911
2019-03-29,FALSE,382
2019-03-29,TRUE,1946
2019-03-30,FALSE,400
2019-03-30,TRUE,1575
2019-03-31,FALSE,408
2019-03-31,TRUE,1457
2019-04-01,FALSE,371
2019-04-01,TRUE,1844
2019-04-02,FALSE,345
2019-04-02,TRUE,1733
2019-04-03,FALSE,343
2019-04-03,TRUE,1772
2019-04-04,FALSE,373
2019-04-04,TRUE,1849
2019-04-05,FALSE,370
2019-04-05,TRUE,1883
2019-04-06,FALSE,374
2019-04-06,TRUE,1466
2019-04-07,FALSE,377
2019-04-07,TRUE,1420
2019-04-08,FALSE,355
2019-04-08,TRUE,1768
2019-04-09,FALSE,364
2019-04-09,TRUE,1716
2019-04-10,FALSE,278
2019-04-10,TRUE,1575
2019-04-11,FALSE,245
2019-04-11,TRUE,1556
2019-04-12,FALSE,381
2019-04-12,TRUE,1865
2019-04-13,FALSE,384
2019-04-13,TRUE,1484
2019-04-14,FALSE,383
2019-04-14,TRUE,1378
2019-04-15,FALSE,350
2019-04-15,TRUE,1755
2019-04-16,FALSE,343
2019-04-16,TRUE,1687
2019-04-17,FALSE,319
2019-04-17,TRUE,1742
2019-04-18,FALSE,394
2019-04-18,TRUE,1927
2019-04-19,FALSE,352
2019-04-19,TRUE,1513
2019-04-20,FALSE,372
2019-04-20,TRUE,938
2019-04-21,FALSE,410
2019-04-21,TRUE,1461
2019-04-22,FALSE,381
2019-04-22,TRUE,1884
2019-04-23,FALSE,357
2019-04-23,TRUE,1773
2019-04-24,FALSE,351
2019-04-24,TRUE,1698
2019-04-25,FALSE,356
2019-04-25,TRUE,1688
2019-04-26,FALSE,374
2019-04-26,TRUE,1786
2019-04-27,FALSE,378
2019-04-27,TRUE,1393
2019-04-28,FALSE,370
2019-04-28,TRUE,1238
2019-04-29,FALSE,364
2019-04-29,TRUE,1635
2019-04-30,FALSE,319
2019-04-30,TRUE,1677
2019-05-01,FALSE,356
2019-05-01,TRUE,1340
2019-05-02,FALSE,345
2019-05-02,TRUE,1563
2019-05-03,FALSE,353
2019-05-03,TRUE,1751
2019-05-04,FALSE,369
2019-05-04,TRUE,1362
2019-05-05,FALSE,382
2019-05-05,TRUE,1355
2019-05-06,FALSE,349
2019-05-06,TRUE,1661
2019-05-07,FALSE,342
2019-05-07,TRUE,1628
2019-05-08,FALSE,334
2019-05-08,TRUE,1592
2019-05-09,FALSE,315
2019-05-09,TRUE,1661
2019-05-10,FALSE,315
2019-05-10,TRUE,1747
2019-05-11,FALSE,345
2019-05-11,TRUE,1317
2019-05-12,FALSE,350
2019-05-12,TRUE,1255
2019-05-13,FALSE,334
2019-05-13,TRUE,1599
2019-05-14,FALSE,337
2019-05-14,TRUE,1590
2019-05-15,FALSE,315
2019-05-15,TRUE,1604
2019-05-16,FALSE,326
2019-05-16,TRUE,1595
2019-05-17,FALSE,341
2019-05-17,TRUE,1578
2019-05-18,FALSE,347
2019-05-18,TRUE,1248
2019-05-19,FALSE,366
2019-05-19,TRUE,1241
2019-05-20,FALSE,328
2019-05-20,TRUE,1530
2019-05-21,FALSE,347
2019-05-21,TRUE,1641
2019-05-22,FALSE,328
2019-05-22,TRUE,1608
2019-05-23,FALSE,338
2019-05-23,TRUE,1600
2019-05-24,FALSE,361
2019-05-24,TRUE,1661
2019-05-25,FALSE,367
2019-05-25,TRUE,1326
2019-05-26,FALSE,371
2019-05-26,TRUE,1279
2019-05-27,FALSE,345
2019-05-27,TRUE,1640
2019-05-28,FALSE,334
2019-05-28,TRUE,1595
2019-05-29,FALSE,271
2019-05-29,TRUE,1617
2019-05-30,FALSE,362
2019-05-30,TRUE,1682
2019-05-31,FALSE,357
2019-05-31,TRUE,1707
2019-06-01,FALSE,366
2019-06-01,TRUE,1354
2019-06-02,FALSE,362
2019-06-02,TRUE,1314
2019-06-03,FALSE,354
2019-06-03,TRUE,1661
2019-06-04,FALSE,340
2019-06-04,TRUE,1641
2019-06-05,FALSE,337
2019-06-05,TRUE,1661
2019-06-06,FALSE,355
2019-06-06,TRUE,1685
2019-06-07,FALSE,348
2019-06-07,TRUE,1713
2019-06-08,FALSE,343
2019-06-08,TRUE,1404
2019-06-09,FALSE,378
2019-06-09,TRUE,1299
2019-06-10,FALSE,354
2019-06-10,TRUE,1639
2019-06-11,FALSE,327
2019-06-11,TRUE,1628
2019-06-12,FALSE,330
2019-06-12,TRUE,1663
2019-06-13,FALSE,341
2019-06-13,TRUE,1683
2019-06-14,FALSE,364
2019-06-14,TRUE,1783
2019-06-15,FALSE,369
2019-06-15,TRUE,1363
2019-06-16,FALSE,360
2019-06-16,TRUE,1330
2019-06-17,FALSE,326
2019-06-17,TRUE,1665
2019-06-18,FALSE,331
2019-06-18,TRUE,1689
2019-06-19,FALSE,358
2019-06-19,TRUE,1798
2019-06-20,FALSE,365
2019-06-20,TRUE,1653
2019-06-21,FALSE,331
2019-06-21,TRUE,1122
2019-06-22,FALSE,345
2019-06-22,TRUE,984
2019-06-23,FALSE,393
2019-06-23,TRUE,1487
2019-06-24,FALSE,372
2019-06-24,TRUE,1797
2019-06-25,FALSE,351
2019-06-25,TRUE,1750
2019-06-26,FALSE,340
2019-06-26,TRUE,1729
2019-06-27,FALSE,339
2019-06-27,TRUE,1757
2019-06-28,FALSE,382
2019-06-28,TRUE,1815
2019-06-29,FALSE,370
2019-06-29,TRUE,1445
2019-06-30,FALSE,365
2019-06-30,TRUE,1393
2019-07-01,FALSE,363
2019-07-01,TRUE,1787
2019-07-02,FALSE,343
2019-07-02,TRUE,1789
2019-07-03,FALSE,372
2019-07-03,TRUE,1845
2019-07-04,FALSE,368
2019-07-04,TRUE,1765
2019-07-05,FALSE,369
2019-07-05,TRUE,1871
2019-07-06,FALSE,400
2019-07-06,TRUE,1536
2019-07-07,FALSE,400
2019-07-07,TRUE,1480
2019-07-08,FALSE,336
2019-07-08,TRUE,1664
2019-07-09,FALSE,369
2019-07-09,TRUE,1794
2019-07-10,FALSE,353
2019-07-10,TRUE,1805
2019-07-11,FALSE,383
2019-07-11,TRUE,1866
2019-07-12,FALSE,367
2019-07-12,TRUE,1864
2019-07-13,FALSE,402
2019-07-13,TRUE,1621
2019-07-14,FALSE,393
2019-07-14,TRUE,1502
2019-07-15,FALSE,374
2019-07-15,TRUE,1869
2019-07-16,FALSE,368
2019-07-16,TRUE,1834
2019-07-17,FALSE,373
2019-07-17,TRUE,1873
2019-07-18,FALSE,377
2019-07-18,TRUE,1897
2019-07-19,FALSE,374
2019-07-19,TRUE,1931
2019-07-20,FALSE,383
2019-07-20,TRUE,1555
2019-07-21,FALSE,390
2019-07-21,TRUE,1533
2019-07-22,FALSE,384
2019-07-22,TRUE,1843
2019-07-23,FALSE,367
2019-07-23,TRUE,1859
2019-07-24,FALSE,370
2019-07-24,TRUE,1877
2019-07-25,FALSE,383
2019-07-25,TRUE,1935
2019-07-26,FALSE,391
2019-07-26,TRUE,1940
2019-07-27,FALSE,400
2019-07-27,TRUE,1623
2019-07-28,FALSE,408
2019-07-28,TRUE,1491
2019-07-29,FALSE,367
2019-07-29,TRUE,1793
2019-07-30,FALSE,354
2019-07-30,TRUE,1813
2019-07-31,FALSE,378
2019-07-31,TRUE,1838
2019-08-01,FALSE,381
2019-08-01,TRUE,1803
2019-08-02,FALSE,390
2019-08-02,TRUE,1791
2019-08-03,FALSE,398
2019-08-03,TRUE,1407
2019-08-04,FALSE,384
2019-08-04,TRUE,1385
2019-08-05,FALSE,358
2019-08-05,TRUE,1705
2019-08-06,FALSE,362
2019-08-06,TRUE,1790
2019-08-07,FALSE,366
2019-08-07,TRUE,1765
2019-08-08,FALSE,382
2019-08-08,TRUE,1865
2019-08-09,FALSE,390
2019-08-09,TRUE,1861
2019-08-10,FALSE,396
2019-08-10,TRUE,1523
2019-08-11,FALSE,400
2019-08-11,TRUE,1452
2019-08-12,FALSE,365
2019-08-12,TRUE,1763
2019-08-13,FALSE,337
2019-08-13,TRUE,1771
2019-08-14,FALSE,358
2019-08-14,TRUE,1745
2019-08-15,FALSE,365
2019-08-15,TRUE,1796
2019-08-16,FALSE,358
2019-08-16,TRUE,1909
2019-08-17,FALSE,364
2019-08-17,TRUE,1508
2019-08-18,FALSE,370
2019-08-18,TRUE,1446
2019-08-19,FALSE,374
2019-08-19,TRUE,1710
2019-08-20,FALSE,327
2019-08-20,TRUE,1736
2019-08-21,FALSE,357
2019-08-21,TRUE,1811
2019-08-22,FALSE,369
2019-08-22,TRUE,1821
2019-08-23,FALSE,359
2019-08-23,TRUE,1859
2019-08-24,FALSE,362
2019-08-24,TRUE,1467
2019-08-25,FALSE,379
2019-08-25,TRUE,1446
2019-08-26,FALSE,352
2019-08-26,TRUE,1796
2019-08-27,FALSE,358
2019-08-27,TRUE,1811
2019-08-28,FALSE,355
2019-08-28,TRUE,1800
2019-08-29,FALSE,380
2019-08-29,TRUE,1839
2019-08-30,FALSE,370
2019-08-30,TRUE,1841
2019-08-31,FALSE,390
2019-08-31,TRUE,1439
2019-09-01,FALSE,350
2019-09-01,TRUE,1284
2019-09-02,FALSE,348
2019-09-02,TRUE,1817
2019-09-03,FALSE,306
2019-09-03,TRUE,1645
2019-09-04,FALSE,346
2019-09-04,TRUE,1795
2019-09-05,FALSE,360
2019-09-05,TRUE,1806
2019-09-06,FALSE,351
2019-09-06,TRUE,1900
2019-09-07,FALSE,392
2019-09-07,TRUE,1536
2019-09-08,FALSE,408
2019-09-08,TRUE,1482
2019-09-09,FALSE,358
2019-09-09,TRUE,1843
2019-09-10,FALSE,359
2019-09-10,TRUE,1900
2019-09-11,FALSE,359
2019-09-11,TRUE,1812
2019-09-12,FALSE,357
2019-09-12,TRUE,1825
2019-09-13,FALSE,371
2019-09-13,TRUE,1858
2019-09-14,FALSE,389
2019-09-14,TRUE,1515
2019-09-15,FALSE,388
2019-09-15,TRUE,1417
2019-09-16,FALSE,360
2019-09-16,TRUE,1862
2019-09-17,FALSE,353
2019-09-17,TRUE,1821
2019-09-18,FALSE,347
2019-09-18,TRUE,1854
2019-09-19,FALSE,357
2019-09-19,TRUE,1812
2019-09-20,FALSE,364
2019-09-20,TRUE,1851
2019-09-21,FALSE,370
2019-09-21,TRUE,1507
2019-09-22,FALSE,385
2019-09-22,TRUE,1421
2019-09-23,FALSE,365
2019-09-23,TRUE,1857
2019-09-24,FALSE,347
2019-09-24,TRUE,1857
2019-09-25,FALSE,352
2019-09-25,TRUE,1818
2019-09-26,FALSE,349
2019-09-26,TRUE,1847
2019-09-27,FALSE,364
2019-09-27,TRUE,1964
2019-09-28,FALSE,361
2019-09-28,TRUE,1656
2019-09-29,FALSE,398
2019-09-29,TRUE,1539
2019-09-30,FALSE,344
2019-09-30,TRUE,1931
2019-10-01,FALSE,355
2019-10-01,TRUE,1895
2019-10-02,FALSE,330
2019-10-02,TRUE,1972
2019-10-03,FALSE,339
2019-10-03,TRUE,1989
2019-10-04,FALSE,355
2019-10-04,TRUE,2031
2019-10-05,FALSE,369
2019-10-05,TRUE,1637
2019-10-06,FALSE,364
2019-10-06,TRUE,1503
2019-10-07,FALSE,346
2019-10-07,TRUE,1864
2019-10-08,FALSE,341
2019-10-08,TRUE,1870
2019-10-09,FALSE,328
2019-10-09,TRUE,1824
2019-10-10,FALSE,354
2019-10-10,TRUE,1899
2019-10-11,FALSE,368
2019-10-11,TRUE,1965
2019-10-12,FALSE,340
2019-10-12,TRUE,1626
2019-10-13,FALSE,381
2019-10-13,TRUE,1519
2019-10-14,FALSE,357
2019-10-14,TRUE,1886
2019-10-15,FALSE,348
2019-10-15,TRUE,1859
2019-10-16,FALSE,347
2019-10-16,TRUE,1867
2019-10-17,FALSE,340
2019-10-17,TRUE,1915
2019-10-18,FALSE,354
2019-10-18,TRUE,1954
2019-10-19,FALSE,366
2019-10-19,TRUE,1615
2019-10-20,FALSE,365
2019-10-20,TRUE,1515
2019-10-21,FALSE,349
2019-10-21,TRUE,1871
2019-10-22,FALSE,344
2019-10-22,TRUE,1873
2019-10-23,FALSE,341
2019-10-23,TRUE,1912
2019-10-24,FALSE,345
2019-10-24,TRUE,1995
2019-10-25,FALSE,371
2019-10-25,TRUE,1959
2019-10-26,FALSE,363
2019-10-26,TRUE,1652
2019-10-27,FALSE,386
2019-10-27,TRUE,1588
2019-10-28,FALSE,350
2019-10-28,TRUE,1839
2019-10-29,FALSE,343
2019-10-29,TRUE,1857
2019-10-30,FALSE,343
2019-10-30,TRUE,1960
2019-10-31,FALSE,358
2019-10-31,TRUE,1969
2019-11-01,FALSE,362
2019-11-01,TRUE,1971
2019-11-02,FALSE,340
2019-11-02,TRUE,1631
2019-11-03,FALSE,375
2019-11-03,TRUE,1591
2019-11-04,FALSE,361
2019-11-04,TRUE,1944
2019-11-05,FALSE,344
2019-11-05,TRUE,1911
2019-11-06,FALSE,337
2019-11-06,TRUE,2051
2019-11-07,FALSE,336
2019-11-07,TRUE,1984
2019-11-08,FALSE,339
2019-11-08,TRUE,2013
2019-11-09,FALSE,352
2019-11-09,TRUE,1711
2019-11-10,FALSE,361
2019-11-10,TRUE,1619
2019-11-11,FALSE,349
2019-11-11,TRUE,1975
2019-11-12,FALSE,349
2019-11-12,TRUE,1988
2019-11-13,FALSE,354
2019-11-13,TRUE,2012
2019-11-14,FALSE,384
2019-11-14,TRUE,2090
2019-11-15,FALSE,358
2019-11-15,TRUE,1910
2019-11-16,FALSE,360
2019-11-16,TRUE,1425
2019-11-17,FALSE,391
2019-11-17,TRUE,1674
2019-11-18,FALSE,367
2019-11-18,TRUE,1877
2019-11-19,FALSE,345
2019-11-19,TRUE,1799
2019-11-20,FALSE,344
2019-11-20,TRUE,1977
2019-11-21,FALSE,361
2019-11-21,TRUE,1945
2019-11-22,FALSE,385
2019-11-22,TRUE,1931
2019-11-23,FALSE,380
2019-11-23,TRUE,1723
2019-11-24,FALSE,403
2019-11-24,TRUE,1640
2019-11-25,FALSE,361
2019-11-25,TRUE,1946
2019-11-26,FALSE,358
2019-11-26,TRUE,2012
2019-11-27,FALSE,341
2019-11-27,TRUE,1974
2019-11-28,FALSE,351
2019-11-28,TRUE,2034
2019-11-29,FALSE,364
2019-11-29,TRUE,2184
2019-11-30,FALSE,387
2019-11-30,TRUE,1801
2019-12-01,FALSE,400
2019-12-01,TRUE,1670
2019-12-02,FALSE,397
2019-12-02,TRUE,2052
2019-12-03,FALSE,382
2019-12-03,TRUE,2056
2019-12-04,FALSE,373
2019-12-04,TRUE,2054
2019-12-05,FALSE,403
2019-12-05,TRUE,2011
2019-12-06,FALSE,397
2019-12-06,TRUE,2120
2019-12-07,FALSE,418
2019-12-07,TRUE,1838
2019-12-08,FALSE,402
2019-12-08,TRUE,1758
2019-12-09,FALSE,413
2019-12-09,TRUE,2045
2019-12-10,FALSE,377
2019-12-10,TRUE,2054
2019-12-11,FALSE,371
2019-12-11,TRUE,2067
2019-12-12,FALSE,418
2019-12-12,TRUE,2140
2019-12-13,FALSE,424
2019-12-13,TRUE,2129
2019-12-14,FALSE,429
2019-12-14,TRUE,1826
2019-12-15,FALSE,417
2019-12-15,TRUE,1827
2019-12-16,FALSE,413
2019-12-16,TRUE,2135
2019-12-17,FALSE,413
2019-12-17,TRUE,2063
2019-12-18,FALSE,397
2019-12-18,TRUE,2141
2019-12-19,FALSE,417
2019-12-19,TRUE,2194
2019-12-20,FALSE,428
2019-12-20,TRUE,2225
2019-12-21,FALSE,462
2019-12-21,TRUE,1933
2019-12-22,FALSE,443
2019-12-22,TRUE,1777
2019-12-23,FALSE,428
2019-12-23,TRUE,2031
2019-12-24,FALSE,380
2019-12-24,TRUE,1822
2019-12-25,FALSE,341
2019-12-25,TRUE,1456
2019-12-26,FALSE,439
2019-12-26,TRUE,2079
2019-12-27,FALSE,451
2019-12-27,TRUE,2146
2019-12-28,FALSE,430
2019-12-28,TRUE,1916
2019-12-29,FALSE,415
2019-12-29,TRUE,1747
2019-12-30,FALSE,420
2019-12-30,TRUE,1960
2019-12-31,FALSE,381
2019-12-31,TRUE,1758
2020-01-01,FALSE,359
2020-01-01,TRUE,1453
2020-01-02,FALSE,438
2020-01-02,TRUE,1980
2020-01-03,FALSE,460
2020-01-03,TRUE,2040
2020-01-04,FALSE,458
2020-01-04,TRUE,1816
2020-01-05,FALSE,463
2020-01-05,TRUE,1843
2020-01-06,FALSE,463
2020-01-06,TRUE,2100
2020-01-07,FALSE,413
2020-01-07,TRUE,2062
2020-01-08,FALSE,301
2020-01-08,TRUE,1003
2020-01-09,FALSE,425
2020-01-09,TRUE,1914
2020-01-10,FALSE,447
2020-01-10,TRUE,2198
2020-01-11,FALSE,453
2020-01-11,TRUE,1809
2020-01-12,FALSE,467
2020-01-12,TRUE,1827
2020-01-13,FALSE,437
2020-01-13,TRUE,2078
2020-01-14,FALSE,446
2020-01-14,TRUE,2125
2020-01-15,FALSE,414
2020-01-15,TRUE,2138
2020-01-16,FALSE,431
2020-01-16,TRUE,2117
2020-01-17,FALSE,436
2020-01-17,TRUE,2110
2020-01-18,FALSE,447
2020-01-18,TRUE,1818
2020-01-19,FALSE,458
2020-01-19,TRUE,1781
2020-01-20,FALSE,452
2020-01-20,TRUE,2074
2020-01-21,FALSE,428
2020-01-21,TRUE,2098
2020-01-22,FALSE,406
2020-01-22,TRUE,2096
2020-01-23,FALSE,424
2020-01-23,TRUE,2104
2020-01-24,FALSE,457
2020-01-24,TRUE,2112
2020-01-25,FALSE,455
2020-01-25,TRUE,1853
2020-01-26,FALSE,451
2020-01-26,TRUE,1821
2020-01-27,FALSE,447
2020-01-27,TRUE,2084
2020-01-28,FALSE,456
2020-01-28,TRUE,2127
2020-01-29,FALSE,427
2020-01-29,TRUE,2122
2020-01-30,FALSE,434
2020-01-30,TRUE,2093
2020-01-31,FALSE,467
2020-01-31,TRUE,2123
2020-02-01,FALSE,428
2020-02-01,TRUE,1743
2020-02-02,FALSE,458
2020-02-02,TRUE,1751
2020-02-03,FALSE,425
2020-02-03,TRUE,2054
2020-02-04,FALSE,411
2020-02-04,TRUE,2076
2020-02-05,FALSE,386
2020-02-05,TRUE,1990
2020-02-06,FALSE,421
2020-02-06,TRUE,2128
2020-02-07,FALSE,440
2020-02-07,TRUE,2131
2020-02-08,FALSE,431
2020-02-08,TRUE,1775
2020-02-09,FALSE,437
2020-02-09,TRUE,1782
2020-02-10,FALSE,399
2020-02-10,TRUE,1886
2020-02-11,FALSE,397
2020-02-11,TRUE,2000
2020-02-12,FALSE,394
2020-02-12,TRUE,2097
2020-02-13,FALSE,425
2020-02-13,TRUE,2143
2020-02-14,FALSE,444
2020-02-14,TRUE,2142
2020-02-15,FALSE,433
2020-02-15,TRUE,1753
2020-02-16,FALSE,445
2020-02-16,TRUE,1775
2020-02-17,FALSE,412
2020-02-17,TRUE,2093
2020-02-18,FALSE,389
2020-02-18,TRUE,2089
2020-02-19,FALSE,422
2020-02-19,TRUE,2146
2020-02-20,FALSE,464
2020-02-20,TRUE,2221
2020-02-21,FALSE,480
2020-02-21,TRUE,2237
2020-02-22,FALSE,474
2020-02-22,TRUE,1874
2020-02-23,FALSE,402
2020-02-23,TRUE,1212
2020-02-24,FALSE,399
2020-02-24,TRUE,1263
2020-02-25,FALSE,396
2020-02-25,TRUE,1518
2020-02-26,FALSE,416
2020-02-26,TRUE,2039
2020-02-27,FALSE,438
2020-02-27,TRUE,1934
2020-02-28,FALSE,453
2020-02-28,TRUE,1878
2020-02-29,FALSE,455
2020-02-29,TRUE,1651
2020-03-01,FALSE,492
2020-03-01,TRUE,1723
2020-03-02,FALSE,457
2020-03-02,TRUE,2034
2020-03-03,FALSE,405
2020-03-03,TRUE,2083
2020-03-04,FALSE,391
2020-03-04,TRUE,2043
2020-03-05,FALSE,451
2020-03-05,TRUE,2122
2020-03-06,FALSE,413
2020-03-06,TRUE,2148
2020-03-07,FALSE,417
2020-03-07,TRUE,1751
2020-03-08,FALSE,432
2020-03-08,TRUE,1795
2020-03-09,FALSE,412
2020-03-09,TRUE,2076
2020-03-10,FALSE,400
2020-03-10,TRUE,2077
2020-03-11,FALSE,387
2020-03-11,TRUE,2125
2020-03-12,FALSE,432
2020-03-12,TRUE,2128
2020-03-13,FALSE,421
2020-03-13,TRUE,2162
2020-03-14,FALSE,399
2020-03-14,TRUE,1797
2020-03-15,FALSE,411
2020-03-15,TRUE,1730
2020-03-16,FALSE,384
2020-03-16,TRUE,1882
2020-03-17,FALSE,359
2020-03-17,TRUE,1796
2020-03-18,FALSE,307
2020-03-18,TRUE,1512
2020-03-19,FALSE,305
2020-03-19,TRUE,1523
2020-03-20,FALSE,295
2020-03-20,TRUE,1466
2020-03-21,FALSE,245
2020-03-21,TRUE,1234
2020-03-22,FALSE,212
2020-03-22,TRUE,873
2020-03-23,FALSE,148
2020-03-23,TRUE,830
2020-03-24,FALSE,120
2020-03-24,TRUE,561
2020-03-25,FALSE,109
2020-03-25,TRUE,412
2020-03-26,FALSE,105
2020-03-26,TRUE,401
2020-03-27,FALSE,97
2020-03-27,TRUE,429
2020-03-28,FALSE,84
2020-03-28,TRUE,227
2020-03-29,FALSE,67
2020-03-29,TRUE,186
2020-03-30,FALSE,76
2020-03-30,TRUE,260
2020-03-31,FALSE,72
2020-03-31,TRUE,293
2020-04-01,FALSE,67
2020-04-01,TRUE,273
2020-04-02,FALSE,64
2020-04-02,TRUE,262
2020-04-03,FALSE,60
2020-04-03,TRUE,274
2020-04-04,FALSE,48
2020-04-04,TRUE,155
2020-04-05,FALSE,48
2020-04-05,TRUE,178
2020-04-06,FALSE,52
2020-04-06,TRUE,267
2020-04-07,FALSE,55
2020-04-07,TRUE,252
2020-04-08,FALSE,62
2020-04-08,TRUE,282
2020-04-09,FALSE,75
2020-04-09,TRUE,298
2020-04-10,FALSE,42
2020-04-10,TRUE,217
2020-04-11,FALSE,53
2020-04-11,TRUE,134
2020-04-12,FALSE,40
2020-04-12,TRUE,139
2020-04-13,FALSE,54
2020-04-13,TRUE,253
2020-04-14,FALSE,51
2020-04-14,TRUE,248
2020-04-15,FALSE,48
2020-04-15,TRUE,253
2020-04-16,FALSE,41
2020-04-16,TRUE,152
2020-04-17,FALSE,30
2020-04-17,TRUE,155
2020-04-18,FALSE,32
2020-04-18,TRUE,99
2020-04-19,FALSE,44
2020-04-19,TRUE,89
2020-04-20,FALSE,52
2020-04-20,TRUE,192
2020-04-21,FALSE,54
2020-04-21,TRUE,206
2020-04-22,FALSE,61
2020-04-22,TRUE,265
2020-04-23,FALSE,69
2020-04-23,TRUE,264
2020-04-24,FALSE,60
2020-04-24,TRUE,281
2020-04-25,FALSE,50
2020-04-25,TRUE,149
2020-04-26,FALSE,54
2020-04-26,TRUE,158
2020-04-27,FALSE,71
2020-04-27,TRUE,246
2020-04-28,FALSE,58
2020-04-28,TRUE,272
2020-04-29,FALSE,66
2020-04-29,TRUE,302
2020-04-30,FALSE,68
2020-04-30,TRUE,322
2020-05-01,FALSE,55
2020-05-01,TRUE,234
2020-05-02,FALSE,48
2020-05-02,TRUE,149
2020-05-03,FALSE,49
2020-05-03,TRUE,183
2020-05-04,FALSE,67
2020-05-04,TRUE,312
2020-05-05,FALSE,69
2020-05-05,TRUE,319
2020-05-06,FALSE,68
2020-05-06,TRUE,361
2020-05-07,FALSE,64
2020-05-07,TRUE,311
2020-05-08,FALSE,74
2020-05-08,TRUE,331
2020-05-09,FALSE,62
2020-05-09,TRUE,224
2020-05-10,FALSE,50
2020-05-10,TRUE,150
2020-05-11,FALSE,68
2020-05-11,TRUE,350
2020-05-12,FALSE,72
2020-05-12,TRUE,359
2020-05-13,FALSE,81
2020-05-13,TRUE,352
2020-05-14,FALSE,68
2020-05-14,TRUE,360
2020-05-15,FALSE,58
2020-05-15,TRUE,358
2020-05-16,FALSE,61
2020-05-16,TRUE,224
2020-05-17,FALSE,58
2020-05-17,TRUE,164
2020-05-18,FALSE,71
2020-05-18,TRUE,292
2020-05-19,FALSE,76
2020-05-19,TRUE,314
2020-05-20,FALSE,80
2020-05-20,TRUE,379
2020-05-21,FALSE,83
2020-05-21,TRUE,347
2020-05-22,FALSE,77
2020-05-22,TRUE,376
2020-05-23,FALSE,61
2020-05-23,TRUE,236
2020-05-24,FALSE,59
2020-05-24,TRUE,191
2020-05-25,FALSE,65
2020-05-25,TRUE,340
2020-05-26,FALSE,66
2020-05-26,TRUE,370
2020-05-27,FALSE,86
2020-05-27,TRUE,362
2020-05-28,FALSE,85
2020-05-28,TRUE,397
2020-05-29,FALSE,70
2020-05-29,TRUE,434
2020-05-30,FALSE,69
2020-05-30,TRUE,258
2020-05-31,FALSE,59
2020-05-31,TRUE,206
2020-06-01,FALSE,71
2020-06-01,TRUE,381
2020-06-02,FALSE,75
2020-06-02,TRUE,368
2020-06-03,FALSE,90
2020-06-03,TRUE,372
2020-06-04,FALSE,91
2020-06-04,TRUE,414
2020-06-05,FALSE,80
2020-06-05,TRUE,462
2020-06-06,FALSE,56
2020-06-06,TRUE,266
2020-06-07,FALSE,69
2020-06-07,TRUE,225
2020-06-08,FALSE,97
2020-06-08,TRUE,416
2020-06-09,FALSE,72
2020-06-09,TRUE,414
2020-06-10,FALSE,96
2020-06-10,TRUE,476
2020-06-11,FALSE,102
2020-06-11,TRUE,438
2020-06-12,FALSE,77
2020-06-12,TRUE,332
2020-06-13,FALSE,72
2020-06-13,TRUE,208
2020-06-14,FALSE,72
2020-06-14,TRUE,293
2020-06-15,FALSE,87
2020-06-15,TRUE,595
2020-06-16,FALSE,80
2020-06-16,TRUE,511
2020-06-17,FALSE,95
2020-06-17,TRUE,555
2020-06-18,FALSE,105
2020-06-18,TRUE,591
2020-06-19,FALSE,109
2020-06-19,TRUE,628
2020-06-20,FALSE,70
2020-06-20,TRUE,309
2020-06-21,FALSE,71
2020-06-21,TRUE,351
2020-06-22,FALSE,95
2020-06-22,TRUE,550
2020-06-23,FALSE,77
2020-06-23,TRUE,502
2020-06-24,FALSE,90
2020-06-24,TRUE,564
2020-06-25,FALSE,101
2020-06-25,TRUE,540
2020-06-26,FALSE,83
2020-06-26,TRUE,593
2020-06-27,FALSE,74
2020-06-27,TRUE,296
2020-06-28,FALSE,88
2020-06-28,TRUE,352
2020-06-29,FALSE,79
2020-06-29,TRUE,595
2020-06-30,FALSE,91
2020-06-30,TRUE,526
2020-07-01,FALSE,102
2020-07-01,TRUE,673
2020-07-02,FALSE,123
2020-07-02,TRUE,640
2020-07-03,FALSE,96
2020-07-03,TRUE,767
2020-07-04,FALSE,72
2020-07-04,TRUE,362
2020-07-05,FALSE,81
2020-07-05,TRUE,417
2020-07-06,FALSE,80
2020-07-06,TRUE,646
2020-07-07,FALSE,94
2020-07-07,TRUE,562
2020-07-08,FALSE,88
2020-07-08,TRUE,645
2020-07-09,FALSE,108
2020-07-09,TRUE,661
2020-07-10,FALSE,99
2020-07-10,TRUE,747
2020-07-11,FALSE,68
2020-07-11,TRUE,399
2020-07-12,FALSE,71
2020-07-12,TRUE,448
2020-07-13,FALSE,77
2020-07-13,TRUE,706
2020-07-14,FALSE,86
2020-07-14,TRUE,569
2020-07-15,FALSE,101
2020-07-15,TRUE,620
2020-07-16,FALSE,96
2020-07-16,TRUE,688
2020-07-17,FALSE,104
2020-07-17,TRUE,770
2020-07-18,FALSE,73
2020-07-18,TRUE,424
2020-07-19,FALSE,77
2020-07-19,TRUE,427
2020-07-20,FALSE,90
2020-07-20,TRUE,735
2020-07-21,FALSE,93
2020-07-21,TRUE,690
2020-07-22,FALSE,94
2020-07-22,TRUE,675
2020-07-23,FALSE,111
2020-07-23,TRUE,757
2020-07-24,FALSE,97
2020-07-24,TRUE,795
2020-07-25,FALSE,95
2020-07-25,TRUE,424
2020-07-26,FALSE,83
2020-07-26,TRUE,472
2020-07-27,FALSE,104
2020-07-27,TRUE,743
2020-07-28,FALSE,93
2020-07-28,TRUE,654
2020-07-29,FALSE,108
2020-07-29,TRUE,677
2020-07-30,FALSE,101
2020-07-30,TRUE,696
2020-07-31,FALSE,109
2020-07-31,TRUE,861
2020-08-01,FALSE,77
2020-08-01,TRUE,471
2020-08-02,FALSE,93
2020-08-02,TRUE,513
2020-08-03,FALSE,132
2020-08-03,TRUE,828
2020-08-04,FALSE,122
2020-08-04,TRUE,745
2020-08-05,FALSE,116
2020-08-05,TRUE,783
2020-08-06,FALSE,120
2020-08-06,TRUE,832
2020-08-07,FALSE,113
2020-08-07,TRUE,939
2020-08-08,FALSE,87
2020-08-08,TRUE,442
2020-08-09,FALSE,74
2020-08-09,TRUE,533
2020-08-10,FALSE,116
2020-08-10,TRUE,866
2020-08-11,FALSE,113
2020-08-11,TRUE,771
2020-08-12,FALSE,113
2020-08-12,TRUE,780
2020-08-13,FALSE,127
2020-08-13,TRUE,838
2020-08-14,FALSE,121
2020-08-14,TRUE,951
2020-08-15,FALSE,97
2020-08-15,TRUE,542
2020-08-16,FALSE,96
2020-08-16,TRUE,605
2020-08-17,FALSE,91
2020-08-17,TRUE,897
2020-08-18,FALSE,100
2020-08-18,TRUE,836
2020-08-19,FALSE,120
2020-08-19,TRUE,881
2020-08-20,FALSE,114
2020-08-20,TRUE,862
2020-08-21,FALSE,109
2020-08-21,TRUE,927
2020-08-22,FALSE,91
2020-08-22,TRUE,571
2020-08-23,FALSE,95
2020-08-23,TRUE,615
2020-08-24,FALSE,116
2020-08-24,TRUE,913
2020-08-25,FALSE,118
2020-08-25,TRUE,890
2020-08-26,FALSE,130
2020-08-26,TRUE,888
2020-08-27,FALSE,143
2020-08-27,TRUE,909
2020-08-28,FALSE,133
2020-08-28,TRUE,1040
2020-08-29,FALSE,107
2020-08-29,TRUE,623
2020-08-30,FALSE,84
2020-08-30,TRUE,562
2020-08-31,FALSE,115
2020-08-31,TRUE,921
2020-09-01,FALSE,114
2020-09-01,TRUE,904
2020-09-02,FALSE,141
2020-09-02,TRUE,980
2020-09-03,FALSE,142
2020-09-03,TRUE,1085
2020-09-04,FALSE,150
2020-09-04,TRUE,1283
2020-09-05,FALSE,108
2020-09-05,TRUE,804
2020-09-06,FALSE,76
2020-09-06,TRUE,512
2020-09-07,FALSE,120
2020-09-07,TRUE,1024
2020-09-08,FALSE,119
2020-09-08,TRUE,1117
2020-09-09,FALSE,128
2020-09-09,TRUE,1042
2020-09-10,FALSE,145
2020-09-10,TRUE,1074
2020-09-11,FALSE,128
2020-09-11,TRUE,1065
2020-09-12,FALSE,106
2020-09-12,TRUE,710
2020-09-13,FALSE,91
2020-09-13,TRUE,690
2020-09-14,FALSE,141
2020-09-14,TRUE,1045
2020-09-15,FALSE,145
2020-09-15,TRUE,1070
2020-09-16,FALSE,131
2020-09-16,TRUE,1114
2020-09-17,FALSE,138
2020-09-17,TRUE,1123
2020-09-18,FALSE,127
2020-09-18,TRUE,1120
2020-09-19,FALSE,111
2020-09-19,TRUE,703
2020-09-20,FALSE,105
2020-09-20,TRUE,719
2020-09-21,FALSE,111
2020-09-21,TRUE,1046
2020-09-22,FALSE,108
2020-09-22,TRUE,1003
2020-09-23,FALSE,138
2020-09-23,TRUE,1066
2020-09-24,FALSE,150
2020-09-24,TRUE,1101
2020-09-25,FALSE,135
2020-09-25,TRUE,1135
2020-09-26,FALSE,110
2020-09-26,TRUE,711
2020-09-27,FALSE,102
2020-09-27,TRUE,665
2020-09-28,FALSE,67
2020-09-28,TRUE,667
2020-09-29,FALSE,105
2020-09-29,TRUE,907
2020-09-30,FALSE,143
2020-09-30,TRUE,1113
2020-10-01,FALSE,155
2020-10-01,TRUE,1198
2020-10-02,FALSE,170
2020-10-02,TRUE,1281
2020-10-03,FALSE,123
2020-10-03,TRUE,890
2020-10-04,FALSE,100
2020-10-04,TRUE,781
2020-10-05,FALSE,143
2020-10-05,TRUE,1246
2020-10-06,FALSE,147
2020-10-06,TRUE,1195
2020-10-07,FALSE,164
2020-10-07,TRUE,1271
2020-10-08,FALSE,159
2020-10-08,TRUE,1359
2020-10-09,FALSE,163
2020-10-09,TRUE,1411
2020-10-10,FALSE,130
2020-10-10,TRUE,1024
2020-10-11,FALSE,110
2020-10-11,TRUE,625
2020-10-12,FALSE,131
2020-10-12,TRUE,1100
2020-10-13,FALSE,135
2020-10-13,TRUE,1385
2020-10-14,FALSE,158
2020-10-14,TRUE,1334
2020-10-15,FALSE,130
2020-10-15,TRUE,1321
2020-10-16,FALSE,156
2020-10-16,TRUE,1375
2020-10-17,FALSE,117
2020-10-17,TRUE,1057
2020-10-18,FALSE,107
2020-10-18,TRUE,877
2020-10-19,FALSE,163
2020-10-19,TRUE,1358
2020-10-20,FALSE,148
2020-10-20,TRUE,1252
2020-10-21,FALSE,169
2020-10-21,TRUE,1248
2020-10-22,FALSE,140
2020-10-22,TRUE,1326
2020-10-23,FALSE,149
2020-10-23,TRUE,1397
2020-10-24,FALSE,121
2020-10-24,TRUE,968
2020-10-25,FALSE,115
2020-10-25,TRUE,859
2020-10-26,FALSE,158
2020-10-26,TRUE,1283
2020-10-27,FALSE,137
2020-10-27,TRUE,1219
2020-10-28,FALSE,157
2020-10-28,TRUE,1244
2020-10-29,FALSE,165
2020-10-29,TRUE,1375
2020-10-30,FALSE,186
2020-10-30,TRUE,1335
2020-10-31,FALSE,158
2020-10-31,TRUE,1086
2020-11-01,FALSE,135
2020-11-01,TRUE,799
2020-11-02,FALSE,171
2020-11-02,TRUE,1227
2020-11-03,FALSE,167
2020-11-03,TRUE,1540
2020-11-04,FALSE,158
2020-11-04,TRUE,1482
2020-11-05,FALSE,157
2020-11-05,TRUE,1394
2020-11-06,FALSE,185
2020-11-06,TRUE,1550
2020-11-07,FALSE,137
2020-11-07,TRUE,1147
2020-11-08,FALSE,157
2020-11-08,TRUE,1035
2020-11-09,FALSE,163
2020-11-09,TRUE,1479
2020-11-10,FALSE,159
2020-11-10,TRUE,1374
2020-11-11,FALSE,169
2020-11-11,TRUE,1411
2020-11-12,FALSE,177
2020-11-12,TRUE,1453
2020-11-13,FALSE,170
2020-11-13,TRUE,1557
2020-11-14,FALSE,168
2020-11-14,TRUE,1166
2020-11-15,FALSE,130
2020-11-15,TRUE,1027
2020-11-16,FALSE,169
2020-11-16,TRUE,1483
2020-11-17,FALSE,156
2020-11-17,TRUE,1449
2020-11-18,FALSE,161
2020-11-18,TRUE,1433
2020-11-19,FALSE,194
2020-11-19,TRUE,1504
2020-11-20,FALSE,182
2020-11-20,TRUE,1545
2020-11-21,FALSE,151
2020-11-21,TRUE,1140
2020-11-22,FALSE,146
2020-11-22,TRUE,1030
2020-11-23,FALSE,165
2020-11-23,TRUE,1522
2020-11-24,FALSE,171
2020-11-24,TRUE,1456
2020-11-25,FALSE,191
2020-11-25,TRUE,1435
2020-11-26,FALSE,169
2020-11-26,TRUE,1552
2020-11-27,FALSE,168
2020-11-27,TRUE,1581
2020-11-28,FALSE,148
2020-11-28,TRUE,1195
2020-11-29,FALSE,137
2020-11-29,TRUE,1051
2020-11-30,FALSE,166
2020-11-30,TRUE,1451
2020-12-01,FALSE,167
2020-12-01,TRUE,1545
2020-12-02,FALSE,182
2020-12-02,TRUE,1527
2020-12-03,FALSE,199
2020-12-03,TRUE,1632
2020-12-04,FALSE,191
2020-12-04,TRUE,1642
2020-12-05,FALSE,157
2020-12-05,TRUE,1289
2020-12-06,FALSE,149
2020-12-06,TRUE,1055
2020-12-07,FALSE,198
2020-12-07,TRUE,1557
2020-12-08,FALSE,182
2020-12-08,TRUE,1529
2020-12-09,FALSE,173
2020-12-09,TRUE,1570
2020-12-10,FALSE,199
2020-12-10,TRUE,1634
2020-12-11,FALSE,205
2020-12-11,TRUE,1729
2020-12-12,FALSE,182
2020-12-12,TRUE,1340
2020-12-13,FALSE,149
2020-12-13,TRUE,1134
2020-12-14,FALSE,208
2020-12-14,TRUE,1634
2020-12-15,FALSE,183
2020-12-15,TRUE,1633
2020-12-16,FALSE,191
2020-12-16,TRUE,1648
2020-12-17,FALSE,231
2020-12-17,TRUE,1751
2020-12-18,FALSE,206
2020-12-18,TRUE,1866
2020-12-19,FALSE,192
2020-12-19,TRUE,1705
2020-12-20,FALSE,191
2020-12-20,TRUE,1419
2020-12-21,FALSE,199
2020-12-21,TRUE,1777
2020-12-22,FALSE,211
2020-12-22,TRUE,1846
2020-12-23,FALSE,209
2020-12-23,TRUE,1856
2020-12-24,FALSE,179
2020-12-24,TRUE,1543
2020-12-25,FALSE,123
2020-12-25,TRUE,1065
2020-12-26,FALSE,197
2020-12-26,TRUE,1672
2020-12-27,FALSE,163
2020-12-27,TRUE,1472
2020-12-28,FALSE,165
2020-12-28,TRUE,1704
2020-12-29,FALSE,171
2020-12-29,TRUE,1739
2020-12-30,FALSE,144
2020-12-30,TRUE,1745
2020-12-31,FALSE,151
2020-12-31,TRUE,1402
2021-01-01,FALSE,116
2021-01-01,TRUE,995
2021-01-02,FALSE,126
2021-01-02,TRUE,1614
2021-01-03,FALSE,186
2021-01-03,TRUE,1556
2021-01-04,FALSE,185
2021-01-04,TRUE,1860
2021-01-05,FALSE,180
2021-01-05,TRUE,1870
2021-01-06,FALSE,205
2021-01-06,TRUE,1813
2021-01-07,FALSE,186
2021-01-07,TRUE,1836
2021-01-08,FALSE,206
2021-01-08,TRUE,1866
2021-01-09,FALSE,173
2021-01-09,TRUE,1657
2021-01-10,FALSE,189
2021-01-10,TRUE,1478
2021-01-11,FALSE,173
2021-01-11,TRUE,1863
2021-01-12,FALSE,182
2021-01-12,TRUE,1739
2021-01-13,FALSE,182
2021-01-13,TRUE,1708
2021-01-14,FALSE,187
2021-01-14,TRUE,1712
2021-01-15,FALSE,214
2021-01-15,TRUE,1841
2021-01-16,FALSE,173
2021-01-16,TRUE,1633
2021-01-17,FALSE,189
2021-01-17,TRUE,1414
2021-01-18,FALSE,187
2021-01-18,TRUE,1781
2021-01-19,FALSE,175
2021-01-19,TRUE,1743
2021-01-20,FALSE,189
2021-01-20,TRUE,1690
2021-01-21,FALSE,198
2021-01-21,TRUE,1674
2021-01-22,FALSE,220
2021-01-22,TRUE,1777
2021-01-23,FALSE,170
2021-01-23,TRUE,1568
2021-01-24,FALSE,170
2021-01-24,TRUE,1338
2021-01-25,FALSE,190
2021-01-25,TRUE,1728
2021-01-26,FALSE,174
2021-01-26,TRUE,1685
2021-01-27,FALSE,218
2021-01-27,TRUE,1622
2021-01-28,FALSE,214
2021-01-28,TRUE,1590
2021-01-29,FALSE,205
2021-01-29,TRUE,1700
2021-01-30,FALSE,171
2021-01-30,TRUE,1449
2021-01-31,FALSE,177
2021-01-31,TRUE,1331
2021-02-01,FALSE,177
2021-02-01,TRUE,1498
2021-02-02,FALSE,146
2021-02-02,TRUE,1471
2021-02-03,FALSE,166
2021-02-03,TRUE,1543
2021-02-04,FALSE,166
2021-02-04,TRUE,1523
2021-02-05,FALSE,166
2021-02-05,TRUE,1588
2021-02-06,FALSE,147
2021-02-06,TRUE,1275
2021-02-07,FALSE,142
2021-02-07,TRUE,1179
2021-02-08,FALSE,155
2021-02-08,TRUE,1524
2021-02-09,FALSE,151
2021-02-09,TRUE,1459
2021-02-10,FALSE,164
2021-02-10,TRUE,1495
2021-02-11,FALSE,181
2021-02-11,TRUE,1526
2021-02-12,FALSE,183
2021-02-12,TRUE,1747
2021-02-13,FALSE,144
2021-02-13,TRUE,1350
2021-02-14,FALSE,144
2021-02-14,TRUE,908
2021-02-15,FALSE,133
2021-02-15,TRUE,963
2021-02-16,FALSE,130
2021-02-16,TRUE,1078
2021-02-17,FALSE,170
2021-02-17,TRUE,1486
2021-02-18,FALSE,166
2021-02-18,TRUE,1291
2021-02-19,FALSE,164
2021-02-19,TRUE,1362
2021-02-20,FALSE,140
2021-02-20,TRUE,1285
2021-02-21,FALSE,174
2021-02-21,TRUE,1202
2021-02-22,FALSE,170
2021-02-22,TRUE,1469
2021-02-23,FALSE,148
2021-02-23,TRUE,1418
2021-02-24,FALSE,156
2021-02-24,TRUE,1368
2021-02-25,FALSE,160
2021-02-25,TRUE,1381
2021-02-26,FALSE,156
2021-02-26,TRUE,1438
2021-02-27,FALSE,141
2021-02-27,TRUE,1237
2021-02-28,FALSE,152
2021-02-28,TRUE,1144
2021-03-01,FALSE,180
2021-03-01,TRUE,1442
2021-03-02,FALSE,152
2021-03-02,TRUE,1378
2021-03-03,FALSE,151
2021-03-03,TRUE,1370
2021-03-04,FALSE,163
2021-03-04,TRUE,1399
2021-03-05,FALSE,162
2021-03-05,TRUE,1424
2021-03-06,FALSE,136
2021-03-06,TRUE,1163
2021-03-07,FALSE,125
2021-03-07,TRUE,1030
2021-03-08,FALSE,163
2021-03-08,TRUE,1345
2021-03-09,FALSE,146
2021-03-09,TRUE,1259
2021-03-10,FALSE,140
2021-03-10,TRUE,1300
2021-03-11,FALSE,162
2021-03-11,TRUE,1326
2021-03-12,FALSE,187
2021-03-12,TRUE,1334
2021-03-13,FALSE,141
2021-03-13,TRUE,1066
2021-03-14,FALSE,148
2021-03-14,TRUE,909
2021-03-15,FALSE,178
2021-03-15,TRUE,1146
2021-03-16,FALSE,138
2021-03-16,TRUE,1029
2021-03-17,FALSE,158
2021-03-17,TRUE,1057
2021-03-18,FALSE,167
2021-03-18,TRUE,1037
2021-03-19,FALSE,164
2021-03-19,TRUE,1114
2021-03-20,FALSE,147
2021-03-20,TRUE,877
2021-03-21,FALSE,147
2021-03-21,TRUE,815
2021-03-22,FALSE,166
2021-03-22,TRUE,1076
2021-03-23,FALSE,141
2021-03-23,TRUE,888
2021-03-24,FALSE,151
2021-03-24,TRUE,952
2021-03-25,FALSE,179
2021-03-25,TRUE,999
2021-03-26,FALSE,161
2021-03-26,TRUE,1072
2021-03-27,FALSE,147
2021-03-27,TRUE,808
2021-03-28,FALSE,156
2021-03-28,TRUE,715
2021-03-29,FALSE,168
2021-03-29,TRUE,957
2021-03-30,FALSE,153
2021-03-30,TRUE,882
2021-03-31,FALSE,160
2021-03-31,TRUE,963
2021-04-01,FALSE,142
2021-04-01,TRUE,1066
2021-04-02,FALSE,131
2021-04-02,TRUE,753
2021-04-03,FALSE,136
2021-04-03,TRUE,544
2021-04-04,FALSE,160
2021-04-04,TRUE,794
2021-04-05,FALSE,157
2021-04-05,TRUE,1017
2021-04-06,FALSE,139
2021-04-06,TRUE,885
2021-04-07,FALSE,152
2021-04-07,TRUE,903
2021-04-08,FALSE,165
2021-04-08,TRUE,948
2021-04-09,FALSE,161
2021-04-09,TRUE,1038
2021-04-10,FALSE,138
2021-04-10,TRUE,744
2021-04-11,FALSE,147
2021-04-11,TRUE,764
2021-04-12,FALSE,152
2021-04-12,TRUE,961
2021-04-13,FALSE,137
2021-04-13,TRUE,865
2021-04-14,FALSE,155
2021-04-14,TRUE,929
2021-04-15,FALSE,151
2021-04-15,TRUE,964
2021-04-16,FALSE,160
2021-04-16,TRUE,1044
2021-04-17,FALSE,145
2021-04-17,TRUE,774
2021-04-18,FALSE,140
2021-04-18,TRUE,794
2021-04-19,FALSE,150
2021-04-19,TRUE,972
2021-04-20,FALSE,142
2021-04-20,TRUE,858
2021-04-21,FALSE,150
2021-04-21,TRUE,879
2021-04-22,FALSE,162
2021-04-22,TRUE,902
2021-04-23,FALSE,162
2021-04-23,TRUE,1001
2021-04-24,FALSE,148
2021-04-24,TRUE,742
2021-04-25,FALSE,179
2021-04-25,TRUE,815
2021-04-26,FALSE,172
2021-04-26,TRUE,1009
2021-04-27,FALSE,146
2021-04-27,TRUE,858
2021-04-28,FALSE,176
2021-04-28,TRUE,913
2021-04-29,FALSE,166
2021-04-29,TRUE,974
2021-04-30,FALSE,168
2021-04-30,TRUE,1028
2021-05-01,FALSE,164
2021-05-01,TRUE,851
2021-05-02,FALSE,170
2021-05-02,TRUE,901
2021-05-03,FALSE,162
2021-05-03,TRUE,1032
2021-05-04,FALSE,167
2021-05-04,TRUE,952
2021-05-05,FALSE,186
2021-05-05,TRUE,1021
2021-05-06,FALSE,178
2021-05-06,TRUE,1164
2021-05-07,FALSE,170
2021-05-07,TRUE,1206
2021-05-08,FALSE,148
2021-05-08,TRUE,888
2021-05-09,FALSE,159
2021-05-09,TRUE,869
2021-05-10,FALSE,156
2021-05-10,TRUE,1215
2021-05-11,FALSE,147
2021-05-11,TRUE,1130
2021-05-12,FALSE,161
2021-05-12,TRUE,1153
2021-05-13,FALSE,155
2021-05-13,TRUE,1210
2021-05-14,FALSE,151
2021-05-14,TRUE,1306
2021-05-15,FALSE,152
2021-05-15,TRUE,979
2021-05-16,FALSE,156
2021-05-16,TRUE,1018
2021-05-17,FALSE,157
2021-05-17,TRUE,1215
2021-05-18,FALSE,152
2021-05-18,TRUE,1171
2021-05-19,FALSE,172
2021-05-19,TRUE,1193
2021-05-20,FALSE,179
2021-05-20,TRUE,1257
2021-05-21,FALSE,175
2021-05-21,TRUE,1349
2021-05-22,FALSE,149
2021-05-22,TRUE,949
2021-05-23,FALSE,130
2021-05-23,TRUE,969
2021-05-24,FALSE,174
2021-05-24,TRUE,1231
2021-05-25,FALSE,155
2021-05-25,TRUE,1236
2021-05-26,FALSE,164
2021-05-26,TRUE,1282
2021-05-27,FALSE,157
2021-05-27,TRUE,1334
2021-05-28,FALSE,167
2021-05-28,TRUE,1387
2021-05-29,FALSE,154
2021-05-29,TRUE,1036
2021-05-30,FALSE,142
2021-05-30,TRUE,983
2021-05-31,FALSE,166
2021-05-31,TRUE,1306
2021-06-01,FALSE,135
2021-06-01,TRUE,1220
2021-06-02,FALSE,180
2021-06-02,TRUE,1465
2021-06-03,FALSE,148
2021-06-03,TRUE,1264
2021-06-04,FALSE,149
2021-06-04,TRUE,1016
2021-06-05,FALSE,139
2021-06-05,TRUE,867
2021-06-06,FALSE,171
2021-06-06,TRUE,1140
2021-06-07,FALSE,147
2021-06-07,TRUE,1453
2021-06-08,FALSE,129
2021-06-08,TRUE,1321
2021-06-09,FALSE,158
2021-06-09,TRUE,1382
2021-06-10,FALSE,160
2021-06-10,TRUE,1430
2021-06-11,FALSE,168
2021-06-11,TRUE,1522
2021-06-12,FALSE,155
2021-06-12,TRUE,1170
2021-06-13,FALSE,144
2021-06-13,TRUE,1101
2021-06-14,FALSE,164
2021-06-14,TRUE,1450
